case_id,group,question,student_steps,final_answer,gold_misconception_id,expected_status,mechanism,must_not_be
GEN-NEG_ROOTS_3_9-FAC,NEG_ROOTS_3_9,Solve x² - 12x + 27 = 0.,x² - 12x + 27 = 0 | (x + 3)(x + 9) = 0 | x + 3 = 0 or x + 9 = 0,x = -3 or x = -9,QE-FAC-01,diagnosed,"factor pair given the wrong signs, roots then read correctly",
GEN-NEG_ROOTS_3_9-SIGN,NEG_ROOTS_3_9,Solve x² - 12x + 27 = 0.,x² - 12x + 27 = 0 | (x - 3)(x - 9) = 0 | x - 3 = 0 or x - 9 = 0,x = -3 or x = -9,QE-SIGN-01,diagnosed,"factorised correctly, then wrote x = -p from (x - p)",
GEN-NEG_ROOTS_3_9-FORM,NEG_ROOTS_3_9,Solve x² - 12x + 27 = 0.,"a = 1, b = -12, c = 27 | D = b² - 4ac = 144 - 108 = 36 | x = (b ± √D)/(2a) = (-12 ± 6)/2",x = -3 or x = -9,QE-FORM-02,diagnosed,quadratic formula written with b instead of -b,
GEN-NEG_ROOTS_3_9-OK,NEG_ROOTS_3_9,Solve x² - 12x + 27 = 0.,x² - 12x + 27 = 0 | (x - 3)(x - 9) = 0 | x - 3 = 0 or x - 9 = 0,x = 3 or x = 9,,correct,correct working,
GEN-NEG_ROOTS_2_4-FAC,NEG_ROOTS_2_4,Solve x² - 6x + 8 = 0.,x² - 6x + 8 = 0 | (x + 2)(x + 4) = 0 | x + 2 = 0 or x + 4 = 0,x = -2 or x = -4,QE-FAC-01,diagnosed,"factor pair given the wrong signs, roots then read correctly",
GEN-NEG_ROOTS_2_4-SIGN,NEG_ROOTS_2_4,Solve x² - 6x + 8 = 0.,x² - 6x + 8 = 0 | (x - 2)(x - 4) = 0 | x - 2 = 0 or x - 4 = 0,x = -2 or x = -4,QE-SIGN-01,diagnosed,"factorised correctly, then wrote x = -p from (x - p)",
GEN-NEG_ROOTS_2_4-FORM,NEG_ROOTS_2_4,Solve x² - 6x + 8 = 0.,"a = 1, b = -6, c = 8 | D = b² - 4ac = 36 - 32 = 4 | x = (b ± √D)/(2a) = (-6 ± 2)/2",x = -2 or x = -4,QE-FORM-02,diagnosed,quadratic formula written with b instead of -b,
GEN-NEG_ROOTS_2_4-OK,NEG_ROOTS_2_4,Solve x² - 6x + 8 = 0.,x² - 6x + 8 = 0 | (x - 2)(x - 4) = 0 | x - 2 = 0 or x - 4 = 0,x = 2 or x = 4,,correct,correct working,
GEN-NEG_ROOTS_4_9-FAC,NEG_ROOTS_4_9,Solve x² - 13x + 36 = 0.,x² - 13x + 36 = 0 | (x + 4)(x + 9) = 0 | x + 4 = 0 or x + 9 = 0,x = -4 or x = -9,QE-FAC-01,diagnosed,"factor pair given the wrong signs, roots then read correctly",
GEN-NEG_ROOTS_4_9-SIGN,NEG_ROOTS_4_9,Solve x² - 13x + 36 = 0.,x² - 13x + 36 = 0 | (x - 4)(x - 9) = 0 | x - 4 = 0 or x - 9 = 0,x = -4 or x = -9,QE-SIGN-01,diagnosed,"factorised correctly, then wrote x = -p from (x - p)",
GEN-NEG_ROOTS_4_9-FORM,NEG_ROOTS_4_9,Solve x² - 13x + 36 = 0.,"a = 1, b = -13, c = 36 | D = b² - 4ac = 169 - 144 = 25 | x = (b ± √D)/(2a) = (-13 ± 5)/2",x = -4 or x = -9,QE-FORM-02,diagnosed,quadratic formula written with b instead of -b,
GEN-NEG_ROOTS_4_9-OK,NEG_ROOTS_4_9,Solve x² - 13x + 36 = 0.,x² - 13x + 36 = 0 | (x - 4)(x - 9) = 0 | x - 4 = 0 or x - 9 = 0,x = 4 or x = 9,,correct,correct working,
GEN-NEG_ROOTS_1_5-FAC,NEG_ROOTS_1_5,Solve x² - 6x + 5 = 0.,x² - 6x + 5 = 0 | (x + 1)(x + 5) = 0 | x + 1 = 0 or x + 5 = 0,x = -1 or x = -5,QE-FAC-01,diagnosed,"factor pair given the wrong signs, roots then read correctly",
GEN-NEG_ROOTS_1_5-SIGN,NEG_ROOTS_1_5,Solve x² - 6x + 5 = 0.,x² - 6x + 5 = 0 | (x - 1)(x - 5) = 0 | x - 1 = 0 or x - 5 = 0,x = -1 or x = -5,QE-SIGN-01,diagnosed,"factorised correctly, then wrote x = -p from (x - p)",
GEN-NEG_ROOTS_1_5-FORM,NEG_ROOTS_1_5,Solve x² - 6x + 5 = 0.,"a = 1, b = -6, c = 5 | D = b² - 4ac = 36 - 20 = 16 | x = (b ± √D)/(2a) = (-6 ± 4)/2",x = -1 or x = -5,QE-FORM-02,diagnosed,quadratic formula written with b instead of -b,
GEN-NEG_ROOTS_1_5-OK,NEG_ROOTS_1_5,Solve x² - 6x + 5 = 0.,x² - 6x + 5 = 0 | (x - 1)(x - 5) = 0 | x - 1 = 0 or x - 5 = 0,x = 1 or x = 5,,correct,correct working,
GEN-NEG_ROOTS_1_6-FAC,NEG_ROOTS_1_6,Solve x² - 7x + 6 = 0.,x² - 7x + 6 = 0 | (x + 1)(x + 6) = 0 | x + 1 = 0 or x + 6 = 0,x = -1 or x = -6,QE-FAC-01,diagnosed,"factor pair given the wrong signs, roots then read correctly",
GEN-NEG_ROOTS_1_6-SIGN,NEG_ROOTS_1_6,Solve x² - 7x + 6 = 0.,x² - 7x + 6 = 0 | (x - 1)(x - 6) = 0 | x - 1 = 0 or x - 6 = 0,x = -1 or x = -6,QE-SIGN-01,diagnosed,"factorised correctly, then wrote x = -p from (x - p)",
GEN-NEG_ROOTS_1_6-FORM,NEG_ROOTS_1_6,Solve x² - 7x + 6 = 0.,"a = 1, b = -7, c = 6 | D = b² - 4ac = 49 - 24 = 25 | x = (b ± √D)/(2a) = (-7 ± 5)/2",x = -1 or x = -6,QE-FORM-02,diagnosed,quadratic formula written with b instead of -b,
GEN-NEG_ROOTS_1_6-OK,NEG_ROOTS_1_6,Solve x² - 7x + 6 = 0.,x² - 7x + 6 = 0 | (x - 1)(x - 6) = 0 | x - 1 = 0 or x - 6 = 0,x = 1 or x = 6,,correct,correct working,
GEN-NEG_ROOTS_5_6-FAC,NEG_ROOTS_5_6,Solve x² - 11x + 30 = 0.,x² - 11x + 30 = 0 | (x + 5)(x + 6) = 0 | x + 5 = 0 or x + 6 = 0,x = -5 or x = -6,QE-FAC-01,diagnosed,"factor pair given the wrong signs, roots then read correctly",
GEN-NEG_ROOTS_5_6-SIGN,NEG_ROOTS_5_6,Solve x² - 11x + 30 = 0.,x² - 11x + 30 = 0 | (x - 5)(x - 6) = 0 | x - 5 = 0 or x - 6 = 0,x = -5 or x = -6,QE-SIGN-01,diagnosed,"factorised correctly, then wrote x = -p from (x - p)",
GEN-NEG_ROOTS_5_6-FORM,NEG_ROOTS_5_6,Solve x² - 11x + 30 = 0.,"a = 1, b = -11, c = 30 | D = b² - 4ac = 121 - 120 = 1 | x = (b ± √D)/(2a) = (-11 ± 1)/2",x = -5 or x = -6,QE-FORM-02,diagnosed,quadratic formula written with b instead of -b,
GEN-NEG_ROOTS_5_6-OK,NEG_ROOTS_5_6,Solve x² - 11x + 30 = 0.,x² - 11x + 30 = 0 | (x - 5)(x - 6) = 0 | x - 5 = 0 or x - 6 = 0,x = 5 or x = 6,,correct,correct working,
GEN-NEG_ROOTS_3_6-FAC,NEG_ROOTS_3_6,Solve x² - 9x + 18 = 0.,x² - 9x + 18 = 0 | (x + 3)(x + 6) = 0 | x + 3 = 0 or x + 6 = 0,x = -3 or x = -6,QE-FAC-01,diagnosed,"factor pair given the wrong signs, roots then read correctly",
GEN-NEG_ROOTS_3_6-SIGN,NEG_ROOTS_3_6,Solve x² - 9x + 18 = 0.,x² - 9x + 18 = 0 | (x - 3)(x - 6) = 0 | x - 3 = 0 or x - 6 = 0,x = -3 or x = -6,QE-SIGN-01,diagnosed,"factorised correctly, then wrote x = -p from (x - p)",
GEN-NEG_ROOTS_3_6-FORM,NEG_ROOTS_3_6,Solve x² - 9x + 18 = 0.,"a = 1, b = -9, c = 18 | D = b² - 4ac = 81 - 72 = 9 | x = (b ± √D)/(2a) = (-9 ± 3)/2",x = -3 or x = -6,QE-FORM-02,diagnosed,quadratic formula written with b instead of -b,
GEN-NEG_ROOTS_3_6-OK,NEG_ROOTS_3_6,Solve x² - 9x + 18 = 0.,x² - 9x + 18 = 0 | (x - 3)(x - 6) = 0 | x - 3 = 0 or x - 6 = 0,x = 3 or x = 6,,correct,correct working,
GEN-NEG_ROOTS_6_9-FAC,NEG_ROOTS_6_9,Solve x² - 15x + 54 = 0.,x² - 15x + 54 = 0 | (x + 6)(x + 9) = 0 | x + 6 = 0 or x + 9 = 0,x = -6 or x = -9,QE-FAC-01,diagnosed,"factor pair given the wrong signs, roots then read correctly",
GEN-NEG_ROOTS_6_9-SIGN,NEG_ROOTS_6_9,Solve x² - 15x + 54 = 0.,x² - 15x + 54 = 0 | (x - 6)(x - 9) = 0 | x - 6 = 0 or x - 9 = 0,x = -6 or x = -9,QE-SIGN-01,diagnosed,"factorised correctly, then wrote x = -p from (x - p)",
GEN-NEG_ROOTS_6_9-FORM,NEG_ROOTS_6_9,Solve x² - 15x + 54 = 0.,"a = 1, b = -15, c = 54 | D = b² - 4ac = 225 - 216 = 9 | x = (b ± √D)/(2a) = (-15 ± 3)/2",x = -6 or x = -9,QE-FORM-02,diagnosed,quadratic formula written with b instead of -b,
GEN-NEG_ROOTS_6_9-OK,NEG_ROOTS_6_9,Solve x² - 15x + 54 = 0.,x² - 15x + 54 = 0 | (x - 6)(x - 9) = 0 | x - 6 = 0 or x - 9 = 0,x = 6 or x = 9,,correct,correct working,
GEN-NEG_ROOTS_2_6-FAC,NEG_ROOTS_2_6,Solve x² - 8x + 12 = 0.,x² - 8x + 12 = 0 | (x + 2)(x + 6) = 0 | x + 2 = 0 or x + 6 = 0,x = -2 or x = -6,QE-FAC-01,diagnosed,"factor pair given the wrong signs, roots then read correctly",
GEN-NEG_ROOTS_2_6-SIGN,NEG_ROOTS_2_6,Solve x² - 8x + 12 = 0.,x² - 8x + 12 = 0 | (x - 2)(x - 6) = 0 | x - 2 = 0 or x - 6 = 0,x = -2 or x = -6,QE-SIGN-01,diagnosed,"factorised correctly, then wrote x = -p from (x - p)",
GEN-NEG_ROOTS_2_6-FORM,NEG_ROOTS_2_6,Solve x² - 8x + 12 = 0.,"a = 1, b = -8, c = 12 | D = b² - 4ac = 64 - 48 = 16 | x = (b ± √D)/(2a) = (-8 ± 4)/2",x = -2 or x = -6,QE-FORM-02,diagnosed,quadratic formula written with b instead of -b,
GEN-NEG_ROOTS_2_6-OK,NEG_ROOTS_2_6,Solve x² - 8x + 12 = 0.,x² - 8x + 12 = 0 | (x - 2)(x - 6) = 0 | x - 2 = 0 or x - 6 = 0,x = 2 or x = 6,,correct,correct working,
GEN-NEG_ROOTS_3_7-FAC,NEG_ROOTS_3_7,Solve x² - 10x + 21 = 0.,x² - 10x + 21 = 0 | (x + 3)(x + 7) = 0 | x + 3 = 0 or x + 7 = 0,x = -3 or x = -7,QE-FAC-01,diagnosed,"factor pair given the wrong signs, roots then read correctly",
GEN-NEG_ROOTS_3_7-SIGN,NEG_ROOTS_3_7,Solve x² - 10x + 21 = 0.,x² - 10x + 21 = 0 | (x - 3)(x - 7) = 0 | x - 3 = 0 or x - 7 = 0,x = -3 or x = -7,QE-SIGN-01,diagnosed,"factorised correctly, then wrote x = -p from (x - p)",
GEN-NEG_ROOTS_3_7-FORM,NEG_ROOTS_3_7,Solve x² - 10x + 21 = 0.,"a = 1, b = -10, c = 21 | D = b² - 4ac = 100 - 84 = 16 | x = (b ± √D)/(2a) = (-10 ± 4)/2",x = -3 or x = -7,QE-FORM-02,diagnosed,quadratic formula written with b instead of -b,
GEN-NEG_ROOTS_3_7-OK,NEG_ROOTS_3_7,Solve x² - 10x + 21 = 0.,x² - 10x + 21 = 0 | (x - 3)(x - 7) = 0 | x - 3 = 0 or x - 7 = 0,x = 3 or x = 7,,correct,correct working,
GEN-DIST_2_+6_1-DIST,DIST_2_+6_1,Solve 2(x + 6) = 14,2(x + 6) = 14 | 2x + 6 = 14 | 2x = 8,x = 4,EXT-DIST-01,diagnosed,multiplier applied to x only,
GEN-DIST_2_+6_1-SLIP,DIST_2_+6_1,Solve 2(x + 6) = 14,2(x + 6) = 14 | 2x + 12 = 14 | 2x = 8,x = 4,,not_label,"expanded correctly, then moved d instead of c*d (transposition slip)",EXT-DIST-01
GEN-DIST_2_+6_1-AMBIG,DIST_2_+6_1,Solve 2(x + 6) = 14,2(x + 6) = 14 | 2x = 8,x = 4,,insufficient,only 'cx = N-d' shown: consistent with BOTH mechanisms -> must abstain / ask for next step,
GEN-DIST_2_+6_1-OK,DIST_2_+6_1,Solve 2(x + 6) = 14,2(x + 6) = 14 | 2x + 12 = 14 | 2x = 2,x = 1,,correct,correct working,
GEN-DIST_2_-5_6-DIST,DIST_2_-5_6,Solve 2(x - 5) = 2,2(x - 5) = 2 | 2x - 5 = 2 | 2x = 7,x = 7/2,EXT-DIST-01,diagnosed,multiplier applied to x only,
GEN-DIST_2_-5_6-SLIP,DIST_2_-5_6,Solve 2(x - 5) = 2,2(x - 5) = 2 | 2x - 10 = 2 | 2x = 7,x = 7/2,,not_label,"expanded correctly, then moved d instead of c*d (transposition slip)",EXT-DIST-01
GEN-DIST_2_-5_6-AMBIG,DIST_2_-5_6,Solve 2(x - 5) = 2,2(x - 5) = 2 | 2x = 7,x = 7/2,,insufficient,only 'cx = N-d' shown: consistent with BOTH mechanisms -> must abstain / ask for next step,
GEN-DIST_2_-5_6-OK,DIST_2_-5_6,Solve 2(x - 5) = 2,2(x - 5) = 2 | 2x - 10 = 2 | 2x = 12,x = 6,,correct,correct working,
GEN-DIST_3_-2_3-DIST,DIST_3_-2_3,Solve 3(x - 2) = 3,3(x - 2) = 3 | 3x - 2 = 3 | 3x = 5,x = 5/3,EXT-DIST-01,diagnosed,multiplier applied to x only,
GEN-DIST_3_-2_3-SLIP,DIST_3_-2_3,Solve 3(x - 2) = 3,3(x - 2) = 3 | 3x - 6 = 3 | 3x = 5,x = 5/3,,not_label,"expanded correctly, then moved d instead of c*d (transposition slip)",EXT-DIST-01
GEN-DIST_3_-2_3-AMBIG,DIST_3_-2_3,Solve 3(x - 2) = 3,3(x - 2) = 3 | 3x = 5,x = 5/3,,insufficient,only 'cx = N-d' shown: consistent with BOTH mechanisms -> must abstain / ask for next step,
GEN-DIST_3_-2_3-OK,DIST_3_-2_3,Solve 3(x - 2) = 3,3(x - 2) = 3 | 3x - 6 = 3 | 3x = 9,x = 3,,correct,correct working,
GEN-DIST_6_+2_1-DIST,DIST_6_+2_1,Solve 6(x + 2) = 18,6(x + 2) = 18 | 6x + 2 = 18 | 6x = 16,x = 8/3,EXT-DIST-01,diagnosed,multiplier applied to x only,
GEN-DIST_6_+2_1-SLIP,DIST_6_+2_1,Solve 6(x + 2) = 18,6(x + 2) = 18 | 6x + 12 = 18 | 6x = 16,x = 8/3,,not_label,"expanded correctly, then moved d instead of c*d (transposition slip)",EXT-DIST-01
GEN-DIST_6_+2_1-AMBIG,DIST_6_+2_1,Solve 6(x + 2) = 18,6(x + 2) = 18 | 6x = 16,x = 8/3,,insufficient,only 'cx = N-d' shown: consistent with BOTH mechanisms -> must abstain / ask for next step,
GEN-DIST_6_+2_1-OK,DIST_6_+2_1,Solve 6(x + 2) = 18,6(x + 2) = 18 | 6x + 12 = 18 | 6x = 6,x = 1,,correct,correct working,
GEN-DIST_6_-6_7-DIST,DIST_6_-6_7,Solve 6(x - 6) = 6,6(x - 6) = 6 | 6x - 6 = 6 | 6x = 12,x = 2,EXT-DIST-01,diagnosed,multiplier applied to x only,
GEN-DIST_6_-6_7-SLIP,DIST_6_-6_7,Solve 6(x - 6) = 6,6(x - 6) = 6 | 6x - 36 = 6 | 6x = 12,x = 2,,not_label,"expanded correctly, then moved d instead of c*d (transposition slip)",EXT-DIST-01
GEN-DIST_6_-6_7-AMBIG,DIST_6_-6_7,Solve 6(x - 6) = 6,6(x - 6) = 6 | 6x = 12,x = 2,,insufficient,only 'cx = N-d' shown: consistent with BOTH mechanisms -> must abstain / ask for next step,
GEN-DIST_6_-6_7-OK,DIST_6_-6_7,Solve 6(x - 6) = 6,6(x - 6) = 6 | 6x - 36 = 6 | 6x = 42,x = 7,,correct,correct working,
GEN-DIST_3_+2_5-DIST,DIST_3_+2_5,Solve 3(x + 2) = 21,3(x + 2) = 21 | 3x + 2 = 21 | 3x = 19,x = 19/3,EXT-DIST-01,diagnosed,multiplier applied to x only,
GEN-DIST_3_+2_5-SLIP,DIST_3_+2_5,Solve 3(x + 2) = 21,3(x + 2) = 21 | 3x + 6 = 21 | 3x = 19,x = 19/3,,not_label,"expanded correctly, then moved d instead of c*d (transposition slip)",EXT-DIST-01
GEN-DIST_3_+2_5-AMBIG,DIST_3_+2_5,Solve 3(x + 2) = 21,3(x + 2) = 21 | 3x = 19,x = 19/3,,insufficient,only 'cx = N-d' shown: consistent with BOTH mechanisms -> must abstain / ask for next step,
GEN-DIST_3_+2_5-OK,DIST_3_+2_5,Solve 3(x + 2) = 21,3(x + 2) = 21 | 3x + 6 = 21 | 3x = 15,x = 5,,correct,correct working,
GEN-DIST_5_+3_5-DIST,DIST_5_+3_5,Solve 5(x + 3) = 40,5(x + 3) = 40 | 5x + 3 = 40 | 5x = 37,x = 37/5,EXT-DIST-01,diagnosed,multiplier applied to x only,
GEN-DIST_5_+3_5-SLIP,DIST_5_+3_5,Solve 5(x + 3) = 40,5(x + 3) = 40 | 5x + 15 = 40 | 5x = 37,x = 37/5,,not_label,"expanded correctly, then moved d instead of c*d (transposition slip)",EXT-DIST-01
GEN-DIST_5_+3_5-AMBIG,DIST_5_+3_5,Solve 5(x + 3) = 40,5(x + 3) = 40 | 5x = 37,x = 37/5,,insufficient,only 'cx = N-d' shown: consistent with BOTH mechanisms -> must abstain / ask for next step,
GEN-DIST_5_+3_5-OK,DIST_5_+3_5,Solve 5(x + 3) = 40,5(x + 3) = 40 | 5x + 15 = 40 | 5x = 25,x = 5,,correct,correct working,
GEN-DIST_6_+3_4-DIST,DIST_6_+3_4,Solve 6(x + 3) = 42,6(x + 3) = 42 | 6x + 3 = 42 | 6x = 39,x = 13/2,EXT-DIST-01,diagnosed,multiplier applied to x only,
GEN-DIST_6_+3_4-SLIP,DIST_6_+3_4,Solve 6(x + 3) = 42,6(x + 3) = 42 | 6x + 18 = 42 | 6x = 39,x = 13/2,,not_label,"expanded correctly, then moved d instead of c*d (transposition slip)",EXT-DIST-01
GEN-DIST_6_+3_4-AMBIG,DIST_6_+3_4,Solve 6(x + 3) = 42,6(x + 3) = 42 | 6x = 39,x = 13/2,,insufficient,only 'cx = N-d' shown: consistent with BOTH mechanisms -> must abstain / ask for next step,
GEN-DIST_6_+3_4-OK,DIST_6_+3_4,Solve 6(x + 3) = 42,6(x + 3) = 42 | 6x + 18 = 42 | 6x = 24,x = 4,,correct,correct working,
GEN-DIST_4_+2_1-DIST,DIST_4_+2_1,Solve 4(x + 2) = 12,4(x + 2) = 12 | 4x + 2 = 12 | 4x = 10,x = 5/2,EXT-DIST-01,diagnosed,multiplier applied to x only,
GEN-DIST_4_+2_1-SLIP,DIST_4_+2_1,Solve 4(x + 2) = 12,4(x + 2) = 12 | 4x + 8 = 12 | 4x = 10,x = 5/2,,not_label,"expanded correctly, then moved d instead of c*d (transposition slip)",EXT-DIST-01
GEN-DIST_4_+2_1-AMBIG,DIST_4_+2_1,Solve 4(x + 2) = 12,4(x + 2) = 12 | 4x = 10,x = 5/2,,insufficient,only 'cx = N-d' shown: consistent with BOTH mechanisms -> must abstain / ask for next step,
GEN-DIST_4_+2_1-OK,DIST_4_+2_1,Solve 4(x + 2) = 12,4(x + 2) = 12 | 4x + 8 = 12 | 4x = 4,x = 1,,correct,correct working,
GEN-DIST_6_-3_8-DIST,DIST_6_-3_8,Solve 6(x - 3) = 30,6(x - 3) = 30 | 6x - 3 = 30 | 6x = 33,x = 11/2,EXT-DIST-01,diagnosed,multiplier applied to x only,
GEN-DIST_6_-3_8-SLIP,DIST_6_-3_8,Solve 6(x - 3) = 30,6(x - 3) = 30 | 6x - 18 = 30 | 6x = 33,x = 11/2,,not_label,"expanded correctly, then moved d instead of c*d (transposition slip)",EXT-DIST-01
GEN-DIST_6_-3_8-AMBIG,DIST_6_-3_8,Solve 6(x - 3) = 30,6(x - 3) = 30 | 6x = 33,x = 11/2,,insufficient,only 'cx = N-d' shown: consistent with BOTH mechanisms -> must abstain / ask for next step,
GEN-DIST_6_-3_8-OK,DIST_6_-3_8,Solve 6(x - 3) = 30,6(x - 3) = 30 | 6x - 18 = 30 | 6x = 48,x = 8,,correct,correct working,
GEN-DIST_5_-4_8-DIST,DIST_5_-4_8,Solve 5(x - 4) = 20,5(x - 4) = 20 | 5x - 4 = 20 | 5x = 24,x = 24/5,EXT-DIST-01,diagnosed,multiplier applied to x only,
GEN-DIST_5_-4_8-SLIP,DIST_5_-4_8,Solve 5(x - 4) = 20,5(x - 4) = 20 | 5x - 20 = 20 | 5x = 24,x = 24/5,,not_label,"expanded correctly, then moved d instead of c*d (transposition slip)",EXT-DIST-01
GEN-DIST_5_-4_8-AMBIG,DIST_5_-4_8,Solve 5(x - 4) = 20,5(x - 4) = 20 | 5x = 24,x = 24/5,,insufficient,only 'cx = N-d' shown: consistent with BOTH mechanisms -> must abstain / ask for next step,
GEN-DIST_5_-4_8-OK,DIST_5_-4_8,Solve 5(x - 4) = 20,5(x - 4) = 20 | 5x - 20 = 20 | 5x = 40,x = 8,,correct,correct working,
GEN-DIST_4_+4_3-DIST,DIST_4_+4_3,Solve 4(x + 4) = 28,4(x + 4) = 28 | 4x + 4 = 28 | 4x = 24,x = 6,EXT-DIST-01,diagnosed,multiplier applied to x only,
GEN-DIST_4_+4_3-SLIP,DIST_4_+4_3,Solve 4(x + 4) = 28,4(x + 4) = 28 | 4x + 16 = 28 | 4x = 24,x = 6,,not_label,"expanded correctly, then moved d instead of c*d (transposition slip)",EXT-DIST-01
GEN-DIST_4_+4_3-AMBIG,DIST_4_+4_3,Solve 4(x + 4) = 28,4(x + 4) = 28 | 4x = 24,x = 6,,insufficient,only 'cx = N-d' shown: consistent with BOTH mechanisms -> must abstain / ask for next step,
GEN-DIST_4_+4_3-OK,DIST_4_+4_3,Solve 4(x + 4) = 28,4(x + 4) = 28 | 4x + 16 = 28 | 4x = 12,x = 3,,correct,correct working,
