intervention_id,misconception_id,topic,misconception_name,misconception_type,intervention_type,intervention_text,hint,worked_example,reassessment_question,expected_answer,transfer_question,transfer_expected_answer,success_criteria
INT-001,AP-AM-01,Arithmetic Progression,Incorrectly inserts arithmetic means,Conceptual,Diagnostic question,"Use a short diagnostic prompt targeting 'Incorrectly inserts arithmetic means' and require the learner to state whether the task asks for a term, common difference, or sum.","Write the known a, d, n and identify whether the target is t_n or S_n.",Worked example: Find the arithmetic mean between 8 and 20. → 14,Which sequence is an arithmetic progression?,"3, 7, 11, 15, ...","Which sequence is an A.P.: 4, 7, 10, 13, ... or 2, 4, 8, 16, ...? Give reason.","4,7,10,13,...",Reassessment is correct with reasoning that no longer shows the diagnosed misconception; transfer is also correct with supporting working.
INT-002,AP-AM-02,Arithmetic Progression,Confuses arithmetic mean with another sequence operation,Conceptual,Diagnostic question,"Use a short diagnostic prompt targeting 'Confuses arithmetic mean with another sequence operation' and require the learner to state whether the task asks for a term, common difference, or sum.","Write the known a, d, n and identify whether the target is t_n or S_n.","Worked example: Insert three arithmetic means between 2 and 18. → 6, 10, 14",Which sequence is an arithmetic progression?,"3, 7, 11, 15, ...","Which sequence is an A.P.: 4, 7, 10, 13, ... or 2, 4, 8, 16, ...? Give reason.","4,7,10,13,...",Reassessment is correct with reasoning that no longer shows the diagnosed misconception; transfer is also correct with supporting working.
INT-003,AP-CON-01,Arithmetic Progression,Misidentifies whether a sequence is an arithmetic progression,Conceptual,Diagnostic question,"Use a short diagnostic prompt targeting 'Misidentifies whether a sequence is an arithmetic progression' and require the learner to state whether the task asks for a term, common difference, or sum.","Write the known a, d, n and identify whether the target is t_n or S_n.","Worked example: Which sequence is an arithmetic progression? → 3, 7, 11, 15, ...","Find the common difference of 5, 9, 13, 17, ...",4,"Which sequence is an A.P.: 4, 7, 10, 13, ... or 2, 4, 8, 16, ...? Give reason.","4,7,10,13,...",Reassessment is correct with reasoning that no longer shows the diagnosed misconception; transfer is also correct with supporting working.
INT-004,AP-CON-02,Arithmetic Progression,Assumes a constant ratio is a common difference,Conceptual,Diagnostic question,"Use a short diagnostic prompt targeting 'Assumes a constant ratio is a common difference' and require the learner to state whether the task asks for a term, common difference, or sum.","Write the known a, d, n and identify whether the target is t_n or S_n.",Worked example: Which formula should be used to find the total of the first n terms of an AP? → Sₙ=n/2[2a+(n-1)d],Which sequence is an arithmetic progression?,"3, 7, 11, 15, ...","Which sequence is an A.P.: 4, 7, 10, 13, ... or 2, 4, 8, 16, ...? Give reason.","4,7,10,13,...",Reassessment is correct with reasoning that no longer shows the diagnosed misconception; transfer is also correct with supporting working.
INT-005,AP-D-01,Arithmetic Progression,Calculates common difference incorrectly,Formula selection,Diagnostic question,"Use a short diagnostic prompt targeting 'Calculates common difference incorrectly' and require the learner to state whether the task asks for a term, common difference, or sum.","Write the known a, d, n and identify whether the target is t_n or S_n.","Worked example: Find the common difference of 5, 9, 13, 17, ... → 4",Which sequence is an arithmetic progression?,"3, 7, 11, 15, ...","Which sequence is an A.P.: 4, 7, 10, 13, ... or 2, 4, 8, 16, ...? Give reason.","4,7,10,13,...",Reassessment is correct with reasoning that no longer shows the diagnosed misconception; transfer is also correct with supporting working.
INT-006,AP-FORM-01,Arithmetic Progression,Misapplies nth-term formula,Formula selection,Diagnostic question,"Use a short diagnostic prompt targeting 'Misapplies nth-term formula' and require the learner to state whether the task asks for a term, common difference, or sum.","Write the known a, d, n and identify whether the target is t_n or S_n.","Worked example: For the AP with nth term aₙ=5n-2, find the first three terms and common difference. → 3, 8, 13; d=5",Which sequence is an arithmetic progression?,"3, 7, 11, 15, ...","Which sequence is an A.P.: 4, 7, 10, 13, ... or 2, 4, 8, 16, ...? Give reason.","4,7,10,13,...",Reassessment is correct with reasoning that no longer shows the diagnosed misconception; transfer is also correct with supporting working.
INT-007,AP-NT-01,Arithmetic Progression,Confuses term position with term value,Formula selection,Diagnostic question,"Use a short diagnostic prompt targeting 'Confuses term position with term value' and require the learner to state whether the task asks for a term, common difference, or sum.","Write the known a, d, n and identify whether the target is t_n or S_n.","Worked example: Find the 10th term of the AP 3, 7, 11, ... → 39",Which sequence is an arithmetic progression?,"3, 7, 11, 15, ...","Which sequence is an A.P.: 4, 7, 10, 13, ... or 2, 4, 8, 16, ...? Give reason.","4,7,10,13,...",Reassessment is correct with reasoning that no longer shows the diagnosed misconception; transfer is also correct with supporting working.
INT-008,AP-NT-02,Arithmetic Progression,Finds first term incorrectly from a known term,Formula selection,Diagnostic question,"Use a short diagnostic prompt targeting 'Finds first term incorrectly from a known term' and require the learner to state whether the task asks for a term, common difference, or sum.","Write the known a, d, n and identify whether the target is t_n or S_n.","Worked example: Find the 20th term of the AP 7, 12, 17, ... → 102",Which sequence is an arithmetic progression?,"3, 7, 11, 15, ...","Which sequence is an A.P.: 4, 7, 10, 13, ... or 2, 4, 8, 16, ...? Give reason.","4,7,10,13,...",Reassessment is correct with reasoning that no longer shows the diagnosed misconception; transfer is also correct with supporting working.
INT-009,AP-NT-03,Arithmetic Progression,Incorrectly checks whether a number is a term of an A.P.,Formula selection,Diagnostic question,"Use a short diagnostic prompt targeting 'Incorrectly checks whether a number is a term of an A.P.' and require the learner to state whether the task asks for a term, common difference, or sum.","Write the known a, d, n and identify whether the target is t_n or S_n.",Worked example: The 8th term of an AP is 29 and d=3. Find the first term. → 8,Which sequence is an arithmetic progression?,"3, 7, 11, 15, ...","Which sequence is an A.P.: 4, 7, 10, 13, ... or 2, 4, 8, 16, ...? Give reason.","4,7,10,13,...",Reassessment is correct with reasoning that no longer shows the diagnosed misconception; transfer is also correct with supporting working.
INT-010,AP-NT-04,Arithmetic Progression,Calculates number of terms incorrectly,Formula selection,Diagnostic question,"Use a short diagnostic prompt targeting 'Calculates number of terms incorrectly' and require the learner to state whether the task asks for a term, common difference, or sum.","Write the known a, d, n and identify whether the target is t_n or S_n.","Worked example: How many terms are there in the AP 4, 7, 10, ..., 40? → 13",Which sequence is an arithmetic progression?,"3, 7, 11, 15, ...","Which sequence is an A.P.: 4, 7, 10, 13, ... or 2, 4, 8, 16, ...? Give reason.","4,7,10,13,...",Reassessment is correct with reasoning that no longer shows the diagnosed misconception; transfer is also correct with supporting working.
INT-011,AP-NT-05,Arithmetic Progression,Confuses nth term with sum of first n terms,Formula selection,Diagnostic question,"Use a short diagnostic prompt targeting 'Confuses nth term with sum of first n terms' and require the learner to state whether the task asks for a term, common difference, or sum.","Write the known a, d, n and identify whether the target is t_n or S_n.","Worked example: Is 50 a term of the AP 2, 6, 10, 14, ...? → Yes, 50 is the 13th term",Which sequence is an arithmetic progression?,"3, 7, 11, 15, ...","Which sequence is an A.P.: 4, 7, 10, 13, ... or 2, 4, 8, 16, ...? Give reason.","4,7,10,13,...",Reassessment is correct with reasoning that no longer shows the diagnosed misconception; transfer is also correct with supporting working.
INT-012,AP-SUM-01,Arithmetic Progression,Misapplies sum-of-n-terms formula,Formula selection,Diagnostic question,"Use a short diagnostic prompt targeting 'Misapplies sum-of-n-terms formula' and require the learner to state whether the task asks for a term, common difference, or sum.","Write the known a, d, n and identify whether the target is t_n or S_n.","Worked example: Find the sum of the first 10 terms of 2, 5, 8, ... → 155",Which sequence is an arithmetic progression?,"3, 7, 11, 15, ...","Which sequence is an A.P.: 4, 7, 10, 13, ... or 2, 4, 8, 16, ...? Give reason.","4,7,10,13,...",Reassessment is correct with reasoning that no longer shows the diagnosed misconception; transfer is also correct with supporting working.
INT-013,AP-SUM-02,Arithmetic Progression,"Confuses last term, nth term, and sum",Formula selection,Diagnostic question,"Use a short diagnostic prompt targeting 'Confuses last term, nth term, and sum' and require the learner to state whether the task asks for a term, common difference, or sum.","Write the known a, d, n and identify whether the target is t_n or S_n.",Worked example: Find the sum of 20 terms of an AP whose first term is 5 and 20th term is 62. → 670,Which sequence is an arithmetic progression?,"3, 7, 11, 15, ...","Which sequence is an A.P.: 4, 7, 10, 13, ... or 2, 4, 8, 16, ...? Give reason.","4,7,10,13,...",Reassessment is correct with reasoning that no longer shows the diagnosed misconception; transfer is also correct with supporting working.
INT-014,AP-WORD-01,Arithmetic Progression,Incorrectly models an A.P. word problem,Interpretation,Diagnostic question,"Use a short diagnostic prompt targeting 'Incorrectly models an A.P. word problem' and require the learner to state whether the task asks for a term, common difference, or sum.","Write the known a, d, n and identify whether the target is t_n or S_n.",Worked example: A person saves ₹500 in the first month and increases the saving by ₹100 each month. How much is saved in the 6th month? → ₹1000,Which sequence is an arithmetic progression?,"3, 7, 11, 15, ...","Which sequence is an A.P.: 4, 7, 10, 13, ... or 2, 4, 8, 16, ...? Give reason.","4,7,10,13,...",Reassessment is correct with reasoning that no longer shows the diagnosed misconception; transfer is also correct with supporting working.
INT-015,AP-WORD-02,Arithmetic Progression,Uses the wrong A.P. quantity in an application,Interpretation,Diagnostic question,"Use a short diagnostic prompt targeting 'Uses the wrong A.P. quantity in an application' and require the learner to state whether the task asks for a term, common difference, or sum.","Write the known a, d, n and identify whether the target is t_n or S_n.","Worked example: Using the saving pattern ₹500, ₹600, ₹700, ... find the total saving in the first 6 months. → ₹4500",Which sequence is an arithmetic progression?,"3, 7, 11, 15, ...","Which sequence is an A.P.: 4, 7, 10, 13, ... or 2, 4, 8, 16, ...? Give reason.","4,7,10,13,...",Reassessment is correct with reasoning that no longer shows the diagnosed misconception; transfer is also correct with supporting working.
INT-016,FAC-CF-01,Factorisation,Fails to identify a common numerical/algebraic factor,Procedural,Worked example,"Model one short example targeting 'Fails to identify a common numerical/algebraic factor', explicitly checking the factorisation by multiplying the factors back together.",Ask: Which identity or common factor matches the structure you see?,Worked example: Factorise 6x + 12. → 6(x+2),Factorise 8x² + 12x.,4x(2x+3),Factorise 6x^2+9x.,3x(2x+3),Reassessment is correct with reasoning that no longer shows the diagnosed misconception; transfer is also correct with supporting working.
INT-017,FAC-CF-02,Factorisation,Misses a common binomial factor,Procedural,Worked example,"Model one short example targeting 'Misses a common binomial factor', explicitly checking the factorisation by multiplying the factors back together.",Ask: Which identity or common factor matches the structure you see?,Worked example: Factorise 8x² + 12x. → 4x(2x+3),Factorise 6x + 12.,6(x+2),Factorise 6x^2+9x.,3x(2x+3),Reassessment is correct with reasoning that no longer shows the diagnosed misconception; transfer is also correct with supporting working.
INT-018,FAC-FT-01,Factorisation,Misapplies the factor theorem,Procedural,Worked example,"Model one short example targeting 'Misapplies the factor theorem', explicitly checking the factorisation by multiplying the factors back together.",Ask: Which identity or common factor matches the structure you see?,"Worked example: If p(x)=x²-5x+6, check whether x-2 is a factor. → Yes",Factorise 6x + 12.,6(x+2),Factorise 6x^2+9x.,3x(2x+3),Reassessment is correct with reasoning that no longer shows the diagnosed misconception; transfer is also correct with supporting working.
INT-019,FAC-FT-02,Factorisation,Confuses factor theorem with remainder theorem,Procedural,Worked example,"Model one short example targeting 'Confuses factor theorem with remainder theorem', explicitly checking the factorisation by multiplying the factors back together.",Ask: Which identity or common factor matches the structure you see?,"Worked example: If p(x)=2x²+3x-2, check whether x+2 is a factor. → Yes",Factorise 6x + 12.,6(x+2),Factorise 6x^2+9x.,3x(2x+3),Reassessment is correct with reasoning that no longer shows the diagnosed misconception; transfer is also correct with supporting working.
INT-020,FAC-GRP-01,Factorisation,Incorrect grouping after splitting terms,Conceptual,Worked example,"Model one short example targeting 'Incorrect grouping after splitting terms', explicitly checking the factorisation by multiplying the factors back together.",Ask: Which identity or common factor matches the structure you see?,Worked example: Factorise ax + ay + bx + by. → (a+b)(x+y),Factorise 6x + 12.,6(x+2),Factorise 6x^2+9x.,3x(2x+3),Reassessment is correct with reasoning that no longer shows the diagnosed misconception; transfer is also correct with supporting working.
INT-021,FAC-ID-01,Factorisation,Misapplies difference-of-squares identity,Procedural,Worked example,"Model one short example targeting 'Misapplies difference-of-squares identity', explicitly checking the factorisation by multiplying the factors back together.",Ask: Which identity or common factor matches the structure you see?,Worked example: Factorise x² - 25. → (x-5)(x+5),Factorise 6x + 12.,6(x+2),Factorise 6x^2+9x.,3x(2x+3),Reassessment is correct with reasoning that no longer shows the diagnosed misconception; transfer is also correct with supporting working.
INT-022,FAC-ID-02,Factorisation,Misapplies perfect-square identity,Procedural,Worked example,"Model one short example targeting 'Misapplies perfect-square identity', explicitly checking the factorisation by multiplying the factors back together.",Ask: Which identity or common factor matches the structure you see?,Worked example: Factorise x² + 6x + 9. → (x+3)²,Factorise 6x + 12.,6(x+2),Factorise 6x^2+9x.,3x(2x+3),Reassessment is correct with reasoning that no longer shows the diagnosed misconception; transfer is also correct with supporting working.
INT-023,FAC-ID-03,Factorisation,Incorrectly identifies coefficients in a perfect-square trinomial,Procedural,Worked example,"Model one short example targeting 'Incorrectly identifies coefficients in a perfect-square trinomial', explicitly checking the factorisation by multiplying the factors back together.",Ask: Which identity or common factor matches the structure you see?,Worked example: Factorise 4x² - 12x + 9. → (2x-3)²,Factorise 6x + 12.,6(x+2),Factorise 6x^2+9x.,3x(2x+3),Reassessment is correct with reasoning that no longer shows the diagnosed misconception; transfer is also correct with supporting working.
INT-024,FAC-MT-01,Factorisation,Incorrectly splits the middle term,Procedural,Worked example,"Model one short example targeting 'Incorrectly splits the middle term', explicitly checking the factorisation by multiplying the factors back together.",Ask: Which identity or common factor matches the structure you see?,Worked example: Factorise x² + 7x + 12. → (x+3)(x+4),Factorise 6x + 12.,6(x+2),Factorise 6x^2+9x.,3x(2x+3),Reassessment is correct with reasoning that no longer shows the diagnosed misconception; transfer is also correct with supporting working.
INT-025,FAC-MT-02,Factorisation,Chooses middle-term pair with wrong signs,Procedural,Worked example,"Model one short example targeting 'Chooses middle-term pair with wrong signs', explicitly checking the factorisation by multiplying the factors back together.",Ask: Which identity or common factor matches the structure you see?,Worked example: Factorise x² - x - 12. → (x-4)(x+3),Factorise 6x + 12.,6(x+2),Factorise 6x^2+9x.,3x(2x+3),Reassessment is correct with reasoning that no longer shows the diagnosed misconception; transfer is also correct with supporting working.
INT-026,FAC-MT-03,Factorisation,Combines multiple factorisation steps incorrectly,Procedural,Worked example,"Model one short example targeting 'Combines multiple factorisation steps incorrectly', explicitly checking the factorisation by multiplying the factors back together.",Ask: Which identity or common factor matches the structure you see?,Worked example: Factorise 2x² + 7x + 3. → (2x+1)(x+3),Factorise 6x + 12.,6(x+2),Factorise 6x^2+9x.,3x(2x+3),Reassessment is correct with reasoning that no longer shows the diagnosed misconception; transfer is also correct with supporting working.
INT-027,FAC-MT-04,Factorisation,Stops factorisation before reaching irreducible factors,Procedural,Worked example,"Model one short example targeting 'Stops factorisation before reaching irreducible factors', explicitly checking the factorisation by multiplying the factors back together.",Ask: Which identity or common factor matches the structure you see?,Worked example: Factorise 3x² - 11x - 4. → (3x+1)(x-4),Factorise 6x + 12.,6(x+2),Factorise 6x^2+9x.,3x(2x+3),Reassessment is correct with reasoning that no longer shows the diagnosed misconception; transfer is also correct with supporting working.
INT-028,FAC-SIGN-01,Factorisation,Sign error in factorisation identity,Sign error,Worked example,"Model one short example targeting 'Sign error in factorisation identity', explicitly checking the factorisation by multiplying the factors back together.",Ask: Which identity or common factor matches the structure you see?,Worked example: Factorise 4x² - 12x + 9. → (2x-3)²,Factorise 6x + 12.,6(x+2),Factorise 6x^2+9x.,3x(2x+3),Reassessment is correct with reasoning that no longer shows the diagnosed misconception; transfer is also correct with supporting working.
INT-029,FAC-SIGN-02,Factorisation,Sign error when checking factors,Sign error,Worked example,"Model one short example targeting 'Sign error when checking factors', explicitly checking the factorisation by multiplying the factors back together.",Ask: Which identity or common factor matches the structure you see?,Worked example: Factorise x² - x - 12. → (x-4)(x+3),Factorise 6x + 12.,6(x+2),Factorise 6x^2+9x.,3x(2x+3),Reassessment is correct with reasoning that no longer shows the diagnosed misconception; transfer is also correct with supporting working.
INT-030,FAC-SIGN-03,Factorisation,Loses a negative factor while factoring,Sign error,Worked example,"Model one short example targeting 'Loses a negative factor while factoring', explicitly checking the factorisation by multiplying the factors back together.",Ask: Which identity or common factor matches the structure you see?,Worked example: Factorise 3x² - 11x - 4. → (3x+1)(x-4),Factorise 6x + 12.,6(x+2),Factorise 6x^2+9x.,3x(2x+3),Reassessment is correct with reasoning that no longer shows the diagnosed misconception; transfer is also correct with supporting working.
INT-031,FAC-VERIFY-01,Factorisation,Incorrectly verifies whether an expression is a factor,Procedural,Worked example,"Model one short example targeting 'Incorrectly verifies whether an expression is a factor', explicitly checking the factorisation by multiplying the factors back together.",Ask: Which identity or common factor matches the structure you see?,Worked example: Verify that (x+2)(x+3)=x²+5x+6. → Expansion gives x²+5x+6,Factorise 6x + 12.,6(x+2),Factorise 6x^2+9x.,3x(2x+3),Reassessment is correct with reasoning that no longer shows the diagnosed misconception; transfer is also correct with supporting working.
INT-032,QE-CON-01,Quadratic Equations,Misclassifies a non-quadratic equation as quadratic,Conceptual,Guided correction,"Revisit the exact step where the learner showed 'Misclassifies a non-quadratic equation as quadratic'. Ask the learner to name the rule being used, then correct only that step before continuing.",Show the relevant form or relation first; do not reveal the final answer immediately.,Worked example: Which of the following is a quadratic equation? → x² - 5x + 6 = 0,"For 3x² - 7x + 2 = 0, find a, b and c.","a=3, b=-7, c=2",Identify whether 3x^2+2x^3-1=0 is quadratic and explain.,Not quadratic,Reassessment is correct with reasoning that no longer shows the diagnosed misconception; transfer is also correct with supporting working.
INT-033,QE-CON-02,Quadratic Equations,"Misidentifies coefficients a, b, c",Conceptual,Guided correction,"Revisit the exact step where the learner showed 'Misidentifies coefficients a, b, c'. Ask the learner to name the rule being used, then correct only that step before continuing.",Show the relevant form or relation first; do not reveal the final answer immediately.,"Worked example: For 3x² - 7x + 2 = 0, find a, b and c. → a=3, b=-7, c=2",Which of the following is a quadratic equation?,x² - 5x + 6 = 0,Identify whether 3x^2+2x^3-1=0 is quadratic and explain.,Not quadratic,Reassessment is correct with reasoning that no longer shows the diagnosed misconception; transfer is also correct with supporting working.
INT-034,QE-DISC-01,Quadratic Equations,Calculates discriminant incorrectly,Conceptual,Guided correction,"Revisit the exact step where the learner showed 'Calculates discriminant incorrectly'. Ask the learner to name the rule being used, then correct only that step before continuing.",Show the relevant form or relation first; do not reveal the final answer immediately.,Worked example: Find the discriminant of 2x² + 3x - 2 = 0. → 25,Which of the following is a quadratic equation?,x² - 5x + 6 = 0,Identify whether 3x^2+2x^3-1=0 is quadratic and explain.,Not quadratic,Reassessment is correct with reasoning that no longer shows the diagnosed misconception; transfer is also correct with supporting working.
INT-035,QE-DISC-02,Quadratic Equations,Misinterprets discriminant sign and nature of roots,Conceptual,Guided correction,"Revisit the exact step where the learner showed 'Misinterprets discriminant sign and nature of roots'. Ask the learner to name the rule being used, then correct only that step before continuing.",Show the relevant form or relation first; do not reveal the final answer immediately.,Worked example: Determine the nature of roots of 3x² - 4x + 2 = 0. → No real roots,Which of the following is a quadratic equation?,x² - 5x + 6 = 0,Identify whether 3x^2+2x^3-1=0 is quadratic and explain.,Not quadratic,Reassessment is correct with reasoning that no longer shows the diagnosed misconception; transfer is also correct with supporting working.
INT-036,QE-DISC-03,Quadratic Equations,Applies equal-root condition incorrectly,Conceptual,Guided correction,"Revisit the exact step where the learner showed 'Applies equal-root condition incorrectly'. Ask the learner to name the rule being used, then correct only that step before continuing.",Show the relevant form or relation first; do not reveal the final answer immediately.,Worked example: Find the value of k if x² + kx + 9 = 0 has equal roots. → k=±6,Which of the following is a quadratic equation?,x² - 5x + 6 = 0,Identify whether 3x^2+2x^3-1=0 is quadratic and explain.,Not quadratic,Reassessment is correct with reasoning that no longer shows the diagnosed misconception; transfer is also correct with supporting working.
INT-037,QE-FAC-01,Quadratic Equations,Incorrect factorisation of a quadratic,Conceptual,Guided correction,"Revisit the exact step where the learner showed 'Incorrect factorisation of a quadratic'. Ask the learner to name the rule being used, then correct only that step before continuing.",Show the relevant form or relation first; do not reveal the final answer immediately.,"Worked example: Solve x² - 5x + 6 = 0. → x=2, 3",Which of the following is a quadratic equation?,x² - 5x + 6 = 0,Identify whether 3x^2+2x^3-1=0 is quadratic and explain.,Not quadratic,Reassessment is correct with reasoning that no longer shows the diagnosed misconception; transfer is also correct with supporting working.
INT-038,QE-FORM-01,Quadratic Equations,Incorrect substitution into quadratic formula,Formula selection,Guided correction,"Revisit the exact step where the learner showed 'Incorrect substitution into quadratic formula'. Ask the learner to name the rule being used, then correct only that step before continuing.",Show the relevant form or relation first; do not reveal the final answer immediately.,"Worked example: Solve 2x² - 7x + 3 = 0 using the quadratic formula. → x=3, 1/2",Which of the following is a quadratic equation?,x² - 5x + 6 = 0,Identify whether 3x^2+2x^3-1=0 is quadratic and explain.,Not quadratic,Reassessment is correct with reasoning that no longer shows the diagnosed misconception; transfer is also correct with supporting working.
INT-039,QE-FORM-02,Quadratic Equations,Misuses quadratic formula signs or denominator,Formula selection,Guided correction,"Revisit the exact step where the learner showed 'Misuses quadratic formula signs or denominator'. Ask the learner to name the rule being used, then correct only that step before continuing.",Show the relevant form or relation first; do not reveal the final answer immediately.,Worked example: Form the quadratic equation whose roots are 2 and -5. → x²+3x-10=0,Which of the following is a quadratic equation?,x² - 5x + 6 = 0,Identify whether 3x^2+2x^3-1=0 is quadratic and explain.,Not quadratic,Reassessment is correct with reasoning that no longer shows the diagnosed misconception; transfer is also correct with supporting working.
INT-040,QE-METHOD-01,Quadratic Equations,Chooses an unsuitable quadratic-solving method,Conceptual,Guided correction,"Revisit the exact step where the learner showed 'Chooses an unsuitable quadratic-solving method'. Ask the learner to name the rule being used, then correct only that step before continuing.",Show the relevant form or relation first; do not reveal the final answer immediately.,"Worked example: For x² - 16 = 0, which method gives the simplest solution and why? → Factorisation",Which of the following is a quadratic equation?,x² - 5x + 6 = 0,Identify whether 3x^2+2x^3-1=0 is quadratic and explain.,Not quadratic,Reassessment is correct with reasoning that no longer shows the diagnosed misconception; transfer is also correct with supporting working.
INT-041,QE-RED-01,Quadratic Equations,Fails to substitute and recover roots in a reducible quadratic form,Conceptual,Guided correction,"Revisit the exact step where the learner showed 'Fails to substitute and recover roots in a reducible quadratic form'. Ask the learner to name the rule being used, then correct only that step before continuing.",Show the relevant form or relation first; do not reveal the final answer immediately.,"Worked example: Solve x⁴ - 5x² + 4 = 0. → x=±1, ±2",Which of the following is a quadratic equation?,x² - 5x + 6 = 0,Identify whether 3x^2+2x^3-1=0 is quadratic and explain.,Not quadratic,Reassessment is correct with reasoning that no longer shows the diagnosed misconception; transfer is also correct with supporting working.
INT-042,QE-SIGN-01,Quadratic Equations,Sign error when extracting roots from factors,Sign error,Guided correction,"Revisit the exact step where the learner showed 'Sign error when extracting roots from factors'. Ask the learner to name the rule being used, then correct only that step before continuing.",Show the relevant form or relation first; do not reveal the final answer immediately.,"Worked example: Solve x² - 5x + 6 = 0. → x=2, 3",Which of the following is a quadratic equation?,x² - 5x + 6 = 0,Identify whether 3x^2+2x^3-1=0 is quadratic and explain.,Not quadratic,Reassessment is correct with reasoning that no longer shows the diagnosed misconception; transfer is also correct with supporting working.
INT-043,QE-SIGN-02,Quadratic Equations,Sign error while rearranging quadratic terms,Sign error,Guided correction,"Revisit the exact step where the learner showed 'Sign error while rearranging quadratic terms'. Ask the learner to name the rule being used, then correct only that step before continuing.",Show the relevant form or relation first; do not reveal the final answer immediately.,Worked example: Form the quadratic equation whose roots are 2 and -5. → x²+3x-10=0,Which of the following is a quadratic equation?,x² - 5x + 6 = 0,Identify whether 3x^2+2x^3-1=0 is quadratic and explain.,Not quadratic,Reassessment is correct with reasoning that no longer shows the diagnosed misconception; transfer is also correct with supporting working.
INT-044,QE-SUB-01,Quadratic Equations,Substitution/calculation error in formula,Arithmetic,Guided correction,"Revisit the exact step where the learner showed 'Substitution/calculation error in formula'. Ask the learner to name the rule being used, then correct only that step before continuing.",Show the relevant form or relation first; do not reveal the final answer immediately.,"Worked example: Solve 2x² - 7x + 3 = 0 using the quadratic formula. → x=3, 1/2",Which of the following is a quadratic equation?,x² - 5x + 6 = 0,Identify whether 3x^2+2x^3-1=0 is quadratic and explain.,Not quadratic,Reassessment is correct with reasoning that no longer shows the diagnosed misconception; transfer is also correct with supporting working.
INT-045,QE-TRANS-01,Quadratic Equations,Incorrectly constructs an equation from given roots,Interpretation,Guided correction,"Revisit the exact step where the learner showed 'Incorrectly constructs an equation from given roots'. Ask the learner to name the rule being used, then correct only that step before continuing.",Show the relevant form or relation first; do not reveal the final answer immediately.,Worked example: The product of two consecutive positive integers is 56. Find the integers. → 7 and 8,Which of the following is a quadratic equation?,x² - 5x + 6 = 0,Identify whether 3x^2+2x^3-1=0 is quadratic and explain.,Not quadratic,Reassessment is correct with reasoning that no longer shows the diagnosed misconception; transfer is also correct with supporting working.
INT-046,QE-VERIFY-01,Quadratic Equations,Fails to verify a proposed root by substitution,Procedural,Guided correction,"Revisit the exact step where the learner showed 'Fails to verify a proposed root by substitution'. Ask the learner to name the rule being used, then correct only that step before continuing.",Show the relevant form or relation first; do not reveal the final answer immediately.,Worked example: Verify that 2 and 3 are roots of x² - 5x + 6 = 0. → Both satisfy the equation,Which of the following is a quadratic equation?,x² - 5x + 6 = 0,Identify whether 3x^2+2x^3-1=0 is quadratic and explain.,Not quadratic,Reassessment is correct with reasoning that no longer shows the diagnosed misconception; transfer is also correct with supporting working.
INT-047,QE-VIETA-01,Quadratic Equations,Incorrect sum-of-roots relation,Conceptual,Guided correction,"Revisit the exact step where the learner showed 'Incorrect sum-of-roots relation'. Ask the learner to name the rule being used, then correct only that step before continuing.",Show the relevant form or relation first; do not reveal the final answer immediately.,"Worked example: For 2x² - 9x + 4 = 0, find the sum of the roots without solving the equation. → 9/2",Which of the following is a quadratic equation?,x² - 5x + 6 = 0,Identify whether 3x^2+2x^3-1=0 is quadratic and explain.,Not quadratic,Reassessment is correct with reasoning that no longer shows the diagnosed misconception; transfer is also correct with supporting working.
INT-048,QE-VIETA-02,Quadratic Equations,Incorrect product-of-roots relation,Conceptual,Guided correction,"Revisit the exact step where the learner showed 'Incorrect product-of-roots relation'. Ask the learner to name the rule being used, then correct only that step before continuing.",Show the relevant form or relation first; do not reveal the final answer immediately.,"Worked example: For 3x² + 5x - 2 = 0, find the product of the roots. → -2/3",Which of the following is a quadratic equation?,x² - 5x + 6 = 0,Identify whether 3x^2+2x^3-1=0 is quadratic and explain.,Not quadratic,Reassessment is correct with reasoning that no longer shows the diagnosed misconception; transfer is also correct with supporting working.
INT-049,QE-WORD-01,Quadratic Equations,Incorrect translation of a word problem into a quadratic equation,Interpretation,Guided correction,"Revisit the exact step where the learner showed 'Incorrect translation of a word problem into a quadratic equation'. Ask the learner to name the rule being used, then correct only that step before continuing.",Show the relevant form or relation first; do not reveal the final answer immediately.,Worked example: The product of two consecutive positive integers is 56. Find the integers. → 7 and 8,Which of the following is a quadratic equation?,x² - 5x + 6 = 0,Identify whether 3x^2+2x^3-1=0 is quadratic and explain.,Not quadratic,Reassessment is correct with reasoning that no longer shows the diagnosed misconception; transfer is also correct with supporting working.
INT-050,RN-ABS-01,Real Numbers,Misinterprets absolute value as a single positive solution,Conceptual,Concept explanation,"Give a concise concept explanation targeting 'Misinterprets absolute value as a single positive solution', followed by one worked step and a check of the student's reasoning.",Ask the learner to simplify or classify the expression before calculating.,Worked example: Find |−7|. → 7,Which of the following is irrational?,√2,Classify 0.125 and √7 as rational or irrational.,0.125 is rational; √7 is irrational,Reassessment is correct with reasoning that no longer shows the diagnosed misconception; transfer is also correct with supporting working.
INT-051,RN-CLASS-01,Real Numbers,"Misclassifies rational, irrational, or real numbers",Conceptual,Concept explanation,"Give a concise concept explanation targeting 'Misclassifies rational, irrational, or real numbers', followed by one worked step and a check of the student's reasoning.",Ask the learner to simplify or classify the expression before calculating.,Worked example: Which of the following is irrational? → √2,Classify 7/8 as rational or irrational.,Rational,Classify 0.125 and √7 as rational or irrational.,0.125 is rational; √7 is irrational,Reassessment is correct with reasoning that no longer shows the diagnosed misconception; transfer is also correct with supporting working.
INT-052,RN-CLASS-02,Real Numbers,Confuses properties of rational and irrational numbers,Conceptual,Concept explanation,"Give a concise concept explanation targeting 'Confuses properties of rational and irrational numbers', followed by one worked step and a check of the student's reasoning.",Ask the learner to simplify or classify the expression before calculating.,Worked example: Classify 7/8 as rational or irrational. → Rational,Which of the following is irrational?,√2,Classify 0.125 and √7 as rational or irrational.,0.125 is rational; √7 is irrational,Reassessment is correct with reasoning that no longer shows the diagnosed misconception; transfer is also correct with supporting working.
INT-053,RN-EUCLID-01,Real Numbers,Incorrectly applies Euclid's division lemma,Procedural,Concept explanation,"Give a concise concept explanation targeting 'Incorrectly applies Euclid's division lemma', followed by one worked step and a check of the student's reasoning.",Ask the learner to simplify or classify the expression before calculating.,"Worked example: Using Euclid's division algorithm, write 37 in the form 5q+r. → 37=5(7)+2",Which of the following is irrational?,√2,Classify 0.125 and √7 as rational or irrational.,0.125 is rational; √7 is irrational,Reassessment is correct with reasoning that no longer shows the diagnosed misconception; transfer is also correct with supporting working.
INT-054,RN-EXP-01,Real Numbers,Incorrectly combines exponents for multiplication,Procedural,Concept explanation,"Give a concise concept explanation targeting 'Incorrectly combines exponents for multiplication', followed by one worked step and a check of the student's reasoning.",Ask the learner to simplify or classify the expression before calculating.,Worked example: Simplify 2³ × 2⁴. → 2⁷ = 128,Which of the following is irrational?,√2,Classify 0.125 and √7 as rational or irrational.,0.125 is rational; √7 is irrational,Reassessment is correct with reasoning that no longer shows the diagnosed misconception; transfer is also correct with supporting working.
INT-055,RN-EXP-02,Real Numbers,Incorrectly subtracts exponents for division,Procedural,Concept explanation,"Give a concise concept explanation targeting 'Incorrectly subtracts exponents for division', followed by one worked step and a check of the student's reasoning.",Ask the learner to simplify or classify the expression before calculating.,Worked example: Evaluate 5⁰. → 1,Which of the following is irrational?,√2,Classify 0.125 and √7 as rational or irrational.,0.125 is rational; √7 is irrational,Reassessment is correct with reasoning that no longer shows the diagnosed misconception; transfer is also correct with supporting working.
INT-056,RN-FTA-01,Real Numbers,Incorrect prime factorisation,Procedural,Concept explanation,"Give a concise concept explanation targeting 'Incorrect prime factorisation', followed by one worked step and a check of the student's reasoning.",Ask the learner to simplify or classify the expression before calculating.,Worked example: Find the prime factorisation of 180. → 2²×3²×5,Which of the following is irrational?,√2,Classify 0.125 and √7 as rational or irrational.,0.125 is rational; √7 is irrational,Reassessment is correct with reasoning that no longer shows the diagnosed misconception; transfer is also correct with supporting working.
INT-057,RN-HCF-01,Real Numbers,Incorrectly obtains HCF from prime factors,Procedural,Concept explanation,"Give a concise concept explanation targeting 'Incorrectly obtains HCF from prime factors', followed by one worked step and a check of the student's reasoning.",Ask the learner to simplify or classify the expression before calculating.,Worked example: Find the HCF of 84 and 126 using prime factorisation. → 42,Which of the following is irrational?,√2,Classify 0.125 and √7 as rational or irrational.,0.125 is rational; √7 is irrational,Reassessment is correct with reasoning that no longer shows the diagnosed misconception; transfer is also correct with supporting working.
INT-058,RN-NL-01,Real Numbers,Incorrectly represents a real number on the number line,Conceptual,Concept explanation,"Give a concise concept explanation targeting 'Incorrectly represents a real number on the number line', followed by one worked step and a check of the student's reasoning.",Ask the learner to simplify or classify the expression before calculating.,Worked example: Between which two consecutive integers does √20 lie? → 4 and 5,Which of the following is irrational?,√2,Classify 0.125 and √7 as rational or irrational.,0.125 is rational; √7 is irrational,Reassessment is correct with reasoning that no longer shows the diagnosed misconception; transfer is also correct with supporting working.
INT-059,RN-RAT-01,Real Numbers,Fails to recognise a terminating/repeating decimal as rational,Conceptual,Concept explanation,"Give a concise concept explanation targeting 'Fails to recognise a terminating/repeating decimal as rational', followed by one worked step and a check of the student's reasoning.",Ask the learner to simplify or classify the expression before calculating.,Worked example: Rationalise 1/√5. → √5/5,Which of the following is irrational?,√2,Classify 0.125 and √7 as rational or irrational.,0.125 is rational; √7 is irrational,Reassessment is correct with reasoning that no longer shows the diagnosed misconception; transfer is also correct with supporting working.
INT-060,RN-RAT-02,Real Numbers,Incorrect reasoning about sums involving irrational numbers,Conceptual,Concept explanation,"Give a concise concept explanation targeting 'Incorrect reasoning about sums involving irrational numbers', followed by one worked step and a check of the student's reasoning.",Ask the learner to simplify or classify the expression before calculating.,Worked example: Rationalise 1/(2+√3). → 2-√3,Which of the following is irrational?,√2,Classify 0.125 and √7 as rational or irrational.,0.125 is rational; √7 is irrational,Reassessment is correct with reasoning that no longer shows the diagnosed misconception; transfer is also correct with supporting working.
INT-061,RN-REASON-01,Real Numbers,Uses an invalid argument to classify a real number,Conceptual,Concept explanation,"Give a concise concept explanation targeting 'Uses an invalid argument to classify a real number', followed by one worked step and a check of the student's reasoning.",Ask the learner to simplify or classify the expression before calculating.,"Worked example: Is the sum of two irrational numbers always irrational? Give a counterexample. → No; √2 + (−√2)=0, which is rational.",Which of the following is irrational?,√2,Classify 0.125 and √7 as rational or irrational.,0.125 is rational; √7 is irrational,Reassessment is correct with reasoning that no longer shows the diagnosed misconception; transfer is also correct with supporting working.
INT-062,RN-SURD-01,Real Numbers,Fails to simplify a surd to simplest form,Conceptual,Concept explanation,"Give a concise concept explanation targeting 'Fails to simplify a surd to simplest form', followed by one worked step and a check of the student's reasoning.",Ask the learner to simplify or classify the expression before calculating.,Worked example: Simplify √72. → 6√2,Which of the following is irrational?,√2,Classify 0.125 and √7 as rational or irrational.,0.125 is rational; √7 is irrational,Reassessment is correct with reasoning that no longer shows the diagnosed misconception; transfer is also correct with supporting working.
INT-063,RN-SURD-02,Real Numbers,Incorrectly combines or operates on like/unlike surds,Conceptual,Concept explanation,"Give a concise concept explanation targeting 'Incorrectly combines or operates on like/unlike surds', followed by one worked step and a check of the student's reasoning.",Ask the learner to simplify or classify the expression before calculating.,Worked example: Simplify √50 + √8. → 7√2,Which of the following is irrational?,√2,Classify 0.125 and √7 as rational or irrational.,0.125 is rational; √7 is irrational,Reassessment is correct with reasoning that no longer shows the diagnosed misconception; transfer is also correct with supporting working.
INT-064,RN-SURD-03,Real Numbers,Incorrectly compares or rationalises surds,Conceptual,Concept explanation,"Give a concise concept explanation targeting 'Incorrectly compares or rationalises surds', followed by one worked step and a check of the student's reasoning.",Ask the learner to simplify or classify the expression before calculating.,Worked example: Simplify √3 × √12. → 6,Which of the following is irrational?,√2,Classify 0.125 and √7 as rational or irrational.,0.125 is rational; √7 is irrational,Reassessment is correct with reasoning that no longer shows the diagnosed misconception; transfer is also correct with supporting working.
