misconception_id,topic,misconception_name,misconception_type,description,typical_student_behavior,evidence_pattern,example_wrong_working,correct_concept,severity
AP-AM-01,Arithmetic Progression,Incorrectly inserts arithmetic means,Conceptual,The learner applies an incorrect rule or interpretation related to incorrectly inserts arithmetic means.,The learner's working contains a pattern consistent with: incorrectly inserts arithmetic means.,Look for an observable step that directly demonstrates incorrectly inserts arithmetic means rather than relying only on the final answer.,An incorrect intermediate step or explanation matching the named pattern.,Use the A.P. definition of constant difference and the appropriate term/sum relation.,High
AP-AM-02,Arithmetic Progression,Confuses arithmetic mean with another sequence operation,Conceptual,The learner applies an incorrect rule or interpretation related to confuses arithmetic mean with another sequence operation.,The learner's working contains a pattern consistent with: confuses arithmetic mean with another sequence operation.,Look for an observable step that directly demonstrates confuses arithmetic mean with another sequence operation rather than relying only on the final answer.,An incorrect intermediate step or explanation matching the named pattern.,Use the A.P. definition of constant difference and the appropriate term/sum relation.,High
AP-CON-01,Arithmetic Progression,Misidentifies whether a sequence is an arithmetic progression,Conceptual,The learner applies an incorrect rule or interpretation related to misidentifies whether a sequence is an arithmetic progression.,The learner's working contains a pattern consistent with: misidentifies whether a sequence is an arithmetic progression.,Look for an observable step that directly demonstrates misidentifies whether a sequence is an arithmetic progression rather than relying only on the final answer.,An incorrect intermediate step or explanation matching the named pattern.,Use the A.P. definition of constant difference and the appropriate term/sum relation.,High
AP-CON-02,Arithmetic Progression,Assumes a constant ratio is a common difference,Conceptual,The learner applies an incorrect rule or interpretation related to assumes a constant ratio is a common difference.,The learner's working contains a pattern consistent with: assumes a constant ratio is a common difference.,Look for an observable step that directly demonstrates assumes a constant ratio is a common difference rather than relying only on the final answer.,An incorrect intermediate step or explanation matching the named pattern.,Use the A.P. definition of constant difference and the appropriate term/sum relation.,High
AP-D-01,Arithmetic Progression,Calculates common difference incorrectly,Formula selection,The learner applies an incorrect rule or interpretation related to calculates common difference incorrectly.,The learner's working contains a pattern consistent with: calculates common difference incorrectly.,Look for an observable step that directly demonstrates calculates common difference incorrectly rather than relying only on the final answer.,An incorrect intermediate step or explanation matching the named pattern.,Use the A.P. definition of constant difference and the appropriate term/sum relation.,Medium
AP-FORM-01,Arithmetic Progression,Misapplies nth-term formula,Formula selection,The learner applies an incorrect rule or interpretation related to misapplies nth-term formula.,The learner's working contains a pattern consistent with: misapplies nth-term formula.,Look for an observable step that directly demonstrates misapplies nth-term formula rather than relying only on the final answer.,An incorrect intermediate step or explanation matching the named pattern.,Use the A.P. definition of constant difference and the appropriate term/sum relation.,Medium
AP-NT-01,Arithmetic Progression,Confuses term position with term value,Formula selection,The learner applies an incorrect rule or interpretation related to confuses term position with term value.,The learner's working contains a pattern consistent with: confuses term position with term value.,Look for an observable step that directly demonstrates confuses term position with term value rather than relying only on the final answer.,An incorrect intermediate step or explanation matching the named pattern.,Use the A.P. definition of constant difference and the appropriate term/sum relation.,Medium
AP-NT-02,Arithmetic Progression,Finds first term incorrectly from a known term,Formula selection,The learner applies an incorrect rule or interpretation related to finds first term incorrectly from a known term.,The learner's working contains a pattern consistent with: finds first term incorrectly from a known term.,Look for an observable step that directly demonstrates finds first term incorrectly from a known term rather than relying only on the final answer.,An incorrect intermediate step or explanation matching the named pattern.,Use the A.P. definition of constant difference and the appropriate term/sum relation.,Medium
AP-NT-03,Arithmetic Progression,Incorrectly checks whether a number is a term of an A.P.,Formula selection,The learner applies an incorrect rule or interpretation related to incorrectly checks whether a number is a term of an a.p..,The learner's working contains a pattern consistent with: incorrectly checks whether a number is a term of an a.p..,Look for an observable step that directly demonstrates incorrectly checks whether a number is a term of an a.p. rather than relying only on the final answer.,An incorrect intermediate step or explanation matching the named pattern.,Use the A.P. definition of constant difference and the appropriate term/sum relation.,Medium
AP-NT-04,Arithmetic Progression,Calculates number of terms incorrectly,Formula selection,The learner applies an incorrect rule or interpretation related to calculates number of terms incorrectly.,The learner's working contains a pattern consistent with: calculates number of terms incorrectly.,Look for an observable step that directly demonstrates calculates number of terms incorrectly rather than relying only on the final answer.,An incorrect intermediate step or explanation matching the named pattern.,Use the A.P. definition of constant difference and the appropriate term/sum relation.,Medium
AP-NT-05,Arithmetic Progression,Confuses nth term with sum of first n terms,Formula selection,The learner applies an incorrect rule or interpretation related to confuses nth term with sum of first n terms.,The learner's working contains a pattern consistent with: confuses nth term with sum of first n terms.,Look for an observable step that directly demonstrates confuses nth term with sum of first n terms rather than relying only on the final answer.,An incorrect intermediate step or explanation matching the named pattern.,Use the A.P. definition of constant difference and the appropriate term/sum relation.,Medium
AP-SUM-01,Arithmetic Progression,Misapplies sum-of-n-terms formula,Formula selection,The learner applies an incorrect rule or interpretation related to misapplies sum-of-n-terms formula.,The learner's working contains a pattern consistent with: misapplies sum-of-n-terms formula.,Look for an observable step that directly demonstrates misapplies sum-of-n-terms formula rather than relying only on the final answer.,An incorrect intermediate step or explanation matching the named pattern.,Use the A.P. definition of constant difference and the appropriate term/sum relation.,Medium
AP-SUM-02,Arithmetic Progression,"Confuses last term, nth term, and sum",Formula selection,"The learner applies an incorrect rule or interpretation related to confuses last term, nth term, and sum.","The learner's working contains a pattern consistent with: confuses last term, nth term, and sum.","Look for an observable step that directly demonstrates confuses last term, nth term, and sum rather than relying only on the final answer.",An incorrect intermediate step or explanation matching the named pattern.,Use the A.P. definition of constant difference and the appropriate term/sum relation.,Medium
AP-WORD-01,Arithmetic Progression,Incorrectly models an A.P. word problem,Interpretation,The learner applies an incorrect rule or interpretation related to incorrectly models an a.p. word problem.,The learner's working contains a pattern consistent with: incorrectly models an a.p. word problem.,Look for an observable step that directly demonstrates incorrectly models an a.p. word problem rather than relying only on the final answer.,An incorrect intermediate step or explanation matching the named pattern.,Use the A.P. definition of constant difference and the appropriate term/sum relation.,Medium
AP-WORD-02,Arithmetic Progression,Uses the wrong A.P. quantity in an application,Interpretation,The learner applies an incorrect rule or interpretation related to uses the wrong a.p. quantity in an application.,The learner's working contains a pattern consistent with: uses the wrong a.p. quantity in an application.,Look for an observable step that directly demonstrates uses the wrong a.p. quantity in an application rather than relying only on the final answer.,An incorrect intermediate step or explanation matching the named pattern.,Use the A.P. definition of constant difference and the appropriate term/sum relation.,Medium
FAC-CF-01,Factorisation,Fails to identify a common numerical/algebraic factor,Procedural,The learner applies an incorrect rule or interpretation related to fails to identify a common numerical/algebraic factor.,The learner's working contains a pattern consistent with: fails to identify a common numerical/algebraic factor.,Look for an observable step that directly demonstrates fails to identify a common numerical/algebraic factor rather than relying only on the final answer.,An incorrect intermediate step or explanation matching the named pattern.,"Apply the relevant algebraic identity, common factor, grouping, or factor-theorem condition.",Medium
FAC-CF-02,Factorisation,Misses a common binomial factor,Procedural,The learner applies an incorrect rule or interpretation related to misses a common binomial factor.,The learner's working contains a pattern consistent with: misses a common binomial factor.,Look for an observable step that directly demonstrates misses a common binomial factor rather than relying only on the final answer.,An incorrect intermediate step or explanation matching the named pattern.,"Apply the relevant algebraic identity, common factor, grouping, or factor-theorem condition.",Medium
FAC-FT-01,Factorisation,Misapplies the factor theorem,Procedural,The learner applies an incorrect rule or interpretation related to misapplies the factor theorem.,The learner's working contains a pattern consistent with: misapplies the factor theorem.,Look for an observable step that directly demonstrates misapplies the factor theorem rather than relying only on the final answer.,An incorrect intermediate step or explanation matching the named pattern.,"Apply the relevant algebraic identity, common factor, grouping, or factor-theorem condition.",Medium
FAC-FT-02,Factorisation,Confuses factor theorem with remainder theorem,Procedural,The learner applies an incorrect rule or interpretation related to confuses factor theorem with remainder theorem.,The learner's working contains a pattern consistent with: confuses factor theorem with remainder theorem.,Look for an observable step that directly demonstrates confuses factor theorem with remainder theorem rather than relying only on the final answer.,An incorrect intermediate step or explanation matching the named pattern.,"Apply the relevant algebraic identity, common factor, grouping, or factor-theorem condition.",Medium
FAC-GRP-01,Factorisation,Incorrect grouping after splitting terms,Conceptual,The learner applies an incorrect rule or interpretation related to incorrect grouping after splitting terms.,The learner's working contains a pattern consistent with: incorrect grouping after splitting terms.,Look for an observable step that directly demonstrates incorrect grouping after splitting terms rather than relying only on the final answer.,An incorrect intermediate step or explanation matching the named pattern.,"Apply the relevant algebraic identity, common factor, grouping, or factor-theorem condition.",High
FAC-ID-01,Factorisation,Misapplies difference-of-squares identity,Procedural,The learner applies an incorrect rule or interpretation related to misapplies difference-of-squares identity.,The learner's working contains a pattern consistent with: misapplies difference-of-squares identity.,Look for an observable step that directly demonstrates misapplies difference-of-squares identity rather than relying only on the final answer.,An incorrect intermediate step or explanation matching the named pattern.,"Apply the relevant algebraic identity, common factor, grouping, or factor-theorem condition.",Medium
FAC-ID-02,Factorisation,Misapplies perfect-square identity,Procedural,The learner applies an incorrect rule or interpretation related to misapplies perfect-square identity.,The learner's working contains a pattern consistent with: misapplies perfect-square identity.,Look for an observable step that directly demonstrates misapplies perfect-square identity rather than relying only on the final answer.,An incorrect intermediate step or explanation matching the named pattern.,"Apply the relevant algebraic identity, common factor, grouping, or factor-theorem condition.",Medium
FAC-ID-03,Factorisation,Incorrectly identifies coefficients in a perfect-square trinomial,Procedural,The learner applies an incorrect rule or interpretation related to incorrectly identifies coefficients in a perfect-square trinomial.,The learner's working contains a pattern consistent with: incorrectly identifies coefficients in a perfect-square trinomial.,Look for an observable step that directly demonstrates incorrectly identifies coefficients in a perfect-square trinomial rather than relying only on the final answer.,An incorrect intermediate step or explanation matching the named pattern.,"Apply the relevant algebraic identity, common factor, grouping, or factor-theorem condition.",Medium
FAC-MT-01,Factorisation,Incorrectly splits the middle term,Procedural,The learner applies an incorrect rule or interpretation related to incorrectly splits the middle term.,The learner's working contains a pattern consistent with: incorrectly splits the middle term.,Look for an observable step that directly demonstrates incorrectly splits the middle term rather than relying only on the final answer.,An incorrect intermediate step or explanation matching the named pattern.,"Apply the relevant algebraic identity, common factor, grouping, or factor-theorem condition.",Medium
FAC-MT-02,Factorisation,Chooses middle-term pair with wrong signs,Procedural,The learner applies an incorrect rule or interpretation related to chooses middle-term pair with wrong signs.,The learner's working contains a pattern consistent with: chooses middle-term pair with wrong signs.,Look for an observable step that directly demonstrates chooses middle-term pair with wrong signs rather than relying only on the final answer.,An incorrect intermediate step or explanation matching the named pattern.,"Apply the relevant algebraic identity, common factor, grouping, or factor-theorem condition.",Medium
FAC-MT-03,Factorisation,Combines multiple factorisation steps incorrectly,Procedural,The learner applies an incorrect rule or interpretation related to combines multiple factorisation steps incorrectly.,The learner's working contains a pattern consistent with: combines multiple factorisation steps incorrectly.,Look for an observable step that directly demonstrates combines multiple factorisation steps incorrectly rather than relying only on the final answer.,An incorrect intermediate step or explanation matching the named pattern.,"Apply the relevant algebraic identity, common factor, grouping, or factor-theorem condition.",Medium
FAC-MT-04,Factorisation,Stops factorisation before reaching irreducible factors,Procedural,The learner applies an incorrect rule or interpretation related to stops factorisation before reaching irreducible factors.,The learner's working contains a pattern consistent with: stops factorisation before reaching irreducible factors.,Look for an observable step that directly demonstrates stops factorisation before reaching irreducible factors rather than relying only on the final answer.,An incorrect intermediate step or explanation matching the named pattern.,"Apply the relevant algebraic identity, common factor, grouping, or factor-theorem condition.",Medium
FAC-SIGN-01,Factorisation,Sign error in factorisation identity,Sign error,The learner applies an incorrect rule or interpretation related to sign error in factorisation identity.,The learner's working contains a pattern consistent with: sign error in factorisation identity.,Look for an observable step that directly demonstrates sign error in factorisation identity rather than relying only on the final answer.,An incorrect intermediate step or explanation matching the named pattern.,"Apply the relevant algebraic identity, common factor, grouping, or factor-theorem condition.",Low
FAC-SIGN-02,Factorisation,Sign error when checking factors,Sign error,The learner applies an incorrect rule or interpretation related to sign error when checking factors.,The learner's working contains a pattern consistent with: sign error when checking factors.,Look for an observable step that directly demonstrates sign error when checking factors rather than relying only on the final answer.,An incorrect intermediate step or explanation matching the named pattern.,"Apply the relevant algebraic identity, common factor, grouping, or factor-theorem condition.",Low
FAC-SIGN-03,Factorisation,Loses a negative factor while factoring,Sign error,The learner applies an incorrect rule or interpretation related to loses a negative factor while factoring.,The learner's working contains a pattern consistent with: loses a negative factor while factoring.,Look for an observable step that directly demonstrates loses a negative factor while factoring rather than relying only on the final answer.,An incorrect intermediate step or explanation matching the named pattern.,"Apply the relevant algebraic identity, common factor, grouping, or factor-theorem condition.",Low
FAC-VERIFY-01,Factorisation,Incorrectly verifies whether an expression is a factor,Procedural,The learner applies an incorrect rule or interpretation related to incorrectly verifies whether an expression is a factor.,The learner's working contains a pattern consistent with: incorrectly verifies whether an expression is a factor.,Look for an observable step that directly demonstrates incorrectly verifies whether an expression is a factor rather than relying only on the final answer.,An incorrect intermediate step or explanation matching the named pattern.,"Apply the relevant algebraic identity, common factor, grouping, or factor-theorem condition.",Medium
QE-CON-01,Quadratic Equations,Misclassifies a non-quadratic equation as quadratic,Conceptual,The learner applies an incorrect rule or interpretation related to misclassifies a non-quadratic equation as quadratic.,The learner's working contains a pattern consistent with: misclassifies a non-quadratic equation as quadratic.,Look for an observable step that directly demonstrates misclassifies a non-quadratic equation as quadratic rather than relying only on the final answer.,An incorrect intermediate step or explanation matching the named pattern.,"Use the Maharashtra State Board quadratic-equation definition, method, and verification appropriate to the task.",High
QE-CON-02,Quadratic Equations,"Misidentifies coefficients a, b, c",Conceptual,"The learner applies an incorrect rule or interpretation related to misidentifies coefficients a, b, c.","The learner's working contains a pattern consistent with: misidentifies coefficients a, b, c.","Look for an observable step that directly demonstrates misidentifies coefficients a, b, c rather than relying only on the final answer.",An incorrect intermediate step or explanation matching the named pattern.,"Use the Maharashtra State Board quadratic-equation definition, method, and verification appropriate to the task.",High
QE-DISC-01,Quadratic Equations,Calculates discriminant incorrectly,Conceptual,The learner applies an incorrect rule or interpretation related to calculates discriminant incorrectly.,The learner's working contains a pattern consistent with: calculates discriminant incorrectly.,Look for an observable step that directly demonstrates calculates discriminant incorrectly rather than relying only on the final answer.,An incorrect intermediate step or explanation matching the named pattern.,"Use the Maharashtra State Board quadratic-equation definition, method, and verification appropriate to the task.",High
QE-DISC-02,Quadratic Equations,Misinterprets discriminant sign and nature of roots,Conceptual,The learner applies an incorrect rule or interpretation related to misinterprets discriminant sign and nature of roots.,The learner's working contains a pattern consistent with: misinterprets discriminant sign and nature of roots.,Look for an observable step that directly demonstrates misinterprets discriminant sign and nature of roots rather than relying only on the final answer.,An incorrect intermediate step or explanation matching the named pattern.,"Use the Maharashtra State Board quadratic-equation definition, method, and verification appropriate to the task.",High
QE-DISC-03,Quadratic Equations,Applies equal-root condition incorrectly,Conceptual,The learner applies an incorrect rule or interpretation related to applies equal-root condition incorrectly.,The learner's working contains a pattern consistent with: applies equal-root condition incorrectly.,Look for an observable step that directly demonstrates applies equal-root condition incorrectly rather than relying only on the final answer.,An incorrect intermediate step or explanation matching the named pattern.,"Use the Maharashtra State Board quadratic-equation definition, method, and verification appropriate to the task.",High
QE-FAC-01,Quadratic Equations,Incorrect factorisation of a quadratic,Conceptual,The learner applies an incorrect rule or interpretation related to incorrect factorisation of a quadratic.,The learner's working contains a pattern consistent with: incorrect factorisation of a quadratic.,Look for an observable step that directly demonstrates incorrect factorisation of a quadratic rather than relying only on the final answer.,An incorrect intermediate step or explanation matching the named pattern.,"Use the Maharashtra State Board quadratic-equation definition, method, and verification appropriate to the task.",High
QE-FORM-01,Quadratic Equations,Incorrect substitution into quadratic formula,Formula selection,The learner applies an incorrect rule or interpretation related to incorrect substitution into quadratic formula.,The learner's working contains a pattern consistent with: incorrect substitution into quadratic formula.,Look for an observable step that directly demonstrates incorrect substitution into quadratic formula rather than relying only on the final answer.,An incorrect intermediate step or explanation matching the named pattern.,"Use the Maharashtra State Board quadratic-equation definition, method, and verification appropriate to the task.",Medium
QE-FORM-02,Quadratic Equations,Misuses quadratic formula signs or denominator,Formula selection,The learner applies an incorrect rule or interpretation related to misuses quadratic formula signs or denominator.,The learner's working contains a pattern consistent with: misuses quadratic formula signs or denominator.,Look for an observable step that directly demonstrates misuses quadratic formula signs or denominator rather than relying only on the final answer.,An incorrect intermediate step or explanation matching the named pattern.,"Use the Maharashtra State Board quadratic-equation definition, method, and verification appropriate to the task.",Medium
QE-METHOD-01,Quadratic Equations,Chooses an unsuitable quadratic-solving method,Conceptual,The learner applies an incorrect rule or interpretation related to chooses an unsuitable quadratic-solving method.,The learner's working contains a pattern consistent with: chooses an unsuitable quadratic-solving method.,Look for an observable step that directly demonstrates chooses an unsuitable quadratic-solving method rather than relying only on the final answer.,An incorrect intermediate step or explanation matching the named pattern.,"Use the Maharashtra State Board quadratic-equation definition, method, and verification appropriate to the task.",High
QE-RED-01,Quadratic Equations,Fails to substitute and recover roots in a reducible quadratic form,Conceptual,The learner applies an incorrect rule or interpretation related to fails to substitute and recover roots in a reducible quadratic form.,The learner's working contains a pattern consistent with: fails to substitute and recover roots in a reducible quadratic form.,Look for an observable step that directly demonstrates fails to substitute and recover roots in a reducible quadratic form rather than relying only on the final answer.,An incorrect intermediate step or explanation matching the named pattern.,"Use the Maharashtra State Board quadratic-equation definition, method, and verification appropriate to the task.",High
QE-SIGN-01,Quadratic Equations,Sign error when extracting roots from factors,Sign error,The learner applies an incorrect rule or interpretation related to sign error when extracting roots from factors.,The learner's working contains a pattern consistent with: sign error when extracting roots from factors.,Look for an observable step that directly demonstrates sign error when extracting roots from factors rather than relying only on the final answer.,An incorrect intermediate step or explanation matching the named pattern.,"Use the Maharashtra State Board quadratic-equation definition, method, and verification appropriate to the task.",Low
QE-SIGN-02,Quadratic Equations,Sign error while rearranging quadratic terms,Sign error,The learner applies an incorrect rule or interpretation related to sign error while rearranging quadratic terms.,The learner's working contains a pattern consistent with: sign error while rearranging quadratic terms.,Look for an observable step that directly demonstrates sign error while rearranging quadratic terms rather than relying only on the final answer.,An incorrect intermediate step or explanation matching the named pattern.,"Use the Maharashtra State Board quadratic-equation definition, method, and verification appropriate to the task.",Low
QE-SUB-01,Quadratic Equations,Substitution/calculation error in formula,Arithmetic,The learner applies an incorrect rule or interpretation related to substitution/calculation error in formula.,The learner's working contains a pattern consistent with: substitution/calculation error in formula.,Look for an observable step that directly demonstrates substitution/calculation error in formula rather than relying only on the final answer.,An incorrect intermediate step or explanation matching the named pattern.,"Use the Maharashtra State Board quadratic-equation definition, method, and verification appropriate to the task.",Low
QE-TRANS-01,Quadratic Equations,Incorrectly constructs an equation from given roots,Interpretation,The learner applies an incorrect rule or interpretation related to incorrectly constructs an equation from given roots.,The learner's working contains a pattern consistent with: incorrectly constructs an equation from given roots.,Look for an observable step that directly demonstrates incorrectly constructs an equation from given roots rather than relying only on the final answer.,An incorrect intermediate step or explanation matching the named pattern.,"Use the Maharashtra State Board quadratic-equation definition, method, and verification appropriate to the task.",Medium
QE-VERIFY-01,Quadratic Equations,Fails to verify a proposed root by substitution,Procedural,The learner applies an incorrect rule or interpretation related to fails to verify a proposed root by substitution.,The learner's working contains a pattern consistent with: fails to verify a proposed root by substitution.,Look for an observable step that directly demonstrates fails to verify a proposed root by substitution rather than relying only on the final answer.,An incorrect intermediate step or explanation matching the named pattern.,"Use the Maharashtra State Board quadratic-equation definition, method, and verification appropriate to the task.",Medium
QE-VIETA-01,Quadratic Equations,Incorrect sum-of-roots relation,Conceptual,The learner applies an incorrect rule or interpretation related to incorrect sum-of-roots relation.,The learner's working contains a pattern consistent with: incorrect sum-of-roots relation.,Look for an observable step that directly demonstrates incorrect sum-of-roots relation rather than relying only on the final answer.,An incorrect intermediate step or explanation matching the named pattern.,"Use the Maharashtra State Board quadratic-equation definition, method, and verification appropriate to the task.",High
QE-VIETA-02,Quadratic Equations,Incorrect product-of-roots relation,Conceptual,The learner applies an incorrect rule or interpretation related to incorrect product-of-roots relation.,The learner's working contains a pattern consistent with: incorrect product-of-roots relation.,Look for an observable step that directly demonstrates incorrect product-of-roots relation rather than relying only on the final answer.,An incorrect intermediate step or explanation matching the named pattern.,"Use the Maharashtra State Board quadratic-equation definition, method, and verification appropriate to the task.",High
QE-WORD-01,Quadratic Equations,Incorrect translation of a word problem into a quadratic equation,Interpretation,The learner applies an incorrect rule or interpretation related to incorrect translation of a word problem into a quadratic equation.,The learner's working contains a pattern consistent with: incorrect translation of a word problem into a quadratic equation.,Look for an observable step that directly demonstrates incorrect translation of a word problem into a quadratic equation rather than relying only on the final answer.,An incorrect intermediate step or explanation matching the named pattern.,"Use the Maharashtra State Board quadratic-equation definition, method, and verification appropriate to the task.",Medium
RN-ABS-01,Real Numbers,Misinterprets absolute value as a single positive solution,Conceptual,The learner applies an incorrect rule or interpretation related to misinterprets absolute value as a single positive solution.,The learner's working contains a pattern consistent with: misinterprets absolute value as a single positive solution.,Look for an observable step that directly demonstrates misinterprets absolute value as a single positive solution rather than relying only on the final answer.,An incorrect intermediate step or explanation matching the named pattern.,"Apply the textbook definition/property of rational numbers, irrational numbers, surds, exponents, or Euclid/prime-factor methods.",High
RN-CLASS-01,Real Numbers,"Misclassifies rational, irrational, or real numbers",Conceptual,"The learner applies an incorrect rule or interpretation related to misclassifies rational, irrational, or real numbers.","The learner's working contains a pattern consistent with: misclassifies rational, irrational, or real numbers.","Look for an observable step that directly demonstrates misclassifies rational, irrational, or real numbers rather than relying only on the final answer.",An incorrect intermediate step or explanation matching the named pattern.,"Apply the textbook definition/property of rational numbers, irrational numbers, surds, exponents, or Euclid/prime-factor methods.",High
RN-CLASS-02,Real Numbers,Confuses properties of rational and irrational numbers,Conceptual,The learner applies an incorrect rule or interpretation related to confuses properties of rational and irrational numbers.,The learner's working contains a pattern consistent with: confuses properties of rational and irrational numbers.,Look for an observable step that directly demonstrates confuses properties of rational and irrational numbers rather than relying only on the final answer.,An incorrect intermediate step or explanation matching the named pattern.,"Apply the textbook definition/property of rational numbers, irrational numbers, surds, exponents, or Euclid/prime-factor methods.",High
RN-EUCLID-01,Real Numbers,Incorrectly applies Euclid's division lemma,Procedural,The learner applies an incorrect rule or interpretation related to incorrectly applies euclid's division lemma.,The learner's working contains a pattern consistent with: incorrectly applies euclid's division lemma.,Look for an observable step that directly demonstrates incorrectly applies euclid's division lemma rather than relying only on the final answer.,An incorrect intermediate step or explanation matching the named pattern.,"Apply the textbook definition/property of rational numbers, irrational numbers, surds, exponents, or Euclid/prime-factor methods.",Medium
RN-EXP-01,Real Numbers,Incorrectly combines exponents for multiplication,Procedural,The learner applies an incorrect rule or interpretation related to incorrectly combines exponents for multiplication.,The learner's working contains a pattern consistent with: incorrectly combines exponents for multiplication.,Look for an observable step that directly demonstrates incorrectly combines exponents for multiplication rather than relying only on the final answer.,An incorrect intermediate step or explanation matching the named pattern.,"Apply the textbook definition/property of rational numbers, irrational numbers, surds, exponents, or Euclid/prime-factor methods.",Medium
RN-EXP-02,Real Numbers,Incorrectly subtracts exponents for division,Procedural,The learner applies an incorrect rule or interpretation related to incorrectly subtracts exponents for division.,The learner's working contains a pattern consistent with: incorrectly subtracts exponents for division.,Look for an observable step that directly demonstrates incorrectly subtracts exponents for division rather than relying only on the final answer.,An incorrect intermediate step or explanation matching the named pattern.,"Apply the textbook definition/property of rational numbers, irrational numbers, surds, exponents, or Euclid/prime-factor methods.",Medium
RN-FTA-01,Real Numbers,Incorrect prime factorisation,Procedural,The learner applies an incorrect rule or interpretation related to incorrect prime factorisation.,The learner's working contains a pattern consistent with: incorrect prime factorisation.,Look for an observable step that directly demonstrates incorrect prime factorisation rather than relying only on the final answer.,An incorrect intermediate step or explanation matching the named pattern.,"Apply the textbook definition/property of rational numbers, irrational numbers, surds, exponents, or Euclid/prime-factor methods.",Medium
RN-HCF-01,Real Numbers,Incorrectly obtains HCF from prime factors,Procedural,The learner applies an incorrect rule or interpretation related to incorrectly obtains hcf from prime factors.,The learner's working contains a pattern consistent with: incorrectly obtains hcf from prime factors.,Look for an observable step that directly demonstrates incorrectly obtains hcf from prime factors rather than relying only on the final answer.,An incorrect intermediate step or explanation matching the named pattern.,"Apply the textbook definition/property of rational numbers, irrational numbers, surds, exponents, or Euclid/prime-factor methods.",Medium
RN-NL-01,Real Numbers,Incorrectly represents a real number on the number line,Conceptual,The learner applies an incorrect rule or interpretation related to incorrectly represents a real number on the number line.,The learner's working contains a pattern consistent with: incorrectly represents a real number on the number line.,Look for an observable step that directly demonstrates incorrectly represents a real number on the number line rather than relying only on the final answer.,An incorrect intermediate step or explanation matching the named pattern.,"Apply the textbook definition/property of rational numbers, irrational numbers, surds, exponents, or Euclid/prime-factor methods.",High
RN-RAT-01,Real Numbers,Fails to recognise a terminating/repeating decimal as rational,Conceptual,The learner applies an incorrect rule or interpretation related to fails to recognise a terminating/repeating decimal as rational.,The learner's working contains a pattern consistent with: fails to recognise a terminating/repeating decimal as rational.,Look for an observable step that directly demonstrates fails to recognise a terminating/repeating decimal as rational rather than relying only on the final answer.,An incorrect intermediate step or explanation matching the named pattern.,"Apply the textbook definition/property of rational numbers, irrational numbers, surds, exponents, or Euclid/prime-factor methods.",High
RN-RAT-02,Real Numbers,Incorrect reasoning about sums involving irrational numbers,Conceptual,The learner applies an incorrect rule or interpretation related to incorrect reasoning about sums involving irrational numbers.,The learner's working contains a pattern consistent with: incorrect reasoning about sums involving irrational numbers.,Look for an observable step that directly demonstrates incorrect reasoning about sums involving irrational numbers rather than relying only on the final answer.,An incorrect intermediate step or explanation matching the named pattern.,"Apply the textbook definition/property of rational numbers, irrational numbers, surds, exponents, or Euclid/prime-factor methods.",High
RN-REASON-01,Real Numbers,Uses an invalid argument to classify a real number,Conceptual,The learner applies an incorrect rule or interpretation related to uses an invalid argument to classify a real number.,The learner's working contains a pattern consistent with: uses an invalid argument to classify a real number.,Look for an observable step that directly demonstrates uses an invalid argument to classify a real number rather than relying only on the final answer.,An incorrect intermediate step or explanation matching the named pattern.,"Apply the textbook definition/property of rational numbers, irrational numbers, surds, exponents, or Euclid/prime-factor methods.",High
RN-SURD-01,Real Numbers,Fails to simplify a surd to simplest form,Conceptual,The learner applies an incorrect rule or interpretation related to fails to simplify a surd to simplest form.,The learner's working contains a pattern consistent with: fails to simplify a surd to simplest form.,Look for an observable step that directly demonstrates fails to simplify a surd to simplest form rather than relying only on the final answer.,An incorrect intermediate step or explanation matching the named pattern.,"Apply the textbook definition/property of rational numbers, irrational numbers, surds, exponents, or Euclid/prime-factor methods.",High
RN-SURD-02,Real Numbers,Incorrectly combines or operates on like/unlike surds,Conceptual,The learner applies an incorrect rule or interpretation related to incorrectly combines or operates on like/unlike surds.,The learner's working contains a pattern consistent with: incorrectly combines or operates on like/unlike surds.,Look for an observable step that directly demonstrates incorrectly combines or operates on like/unlike surds rather than relying only on the final answer.,An incorrect intermediate step or explanation matching the named pattern.,"Apply the textbook definition/property of rational numbers, irrational numbers, surds, exponents, or Euclid/prime-factor methods.",High
RN-SURD-03,Real Numbers,Incorrectly compares or rationalises surds,Conceptual,The learner applies an incorrect rule or interpretation related to incorrectly compares or rationalises surds.,The learner's working contains a pattern consistent with: incorrectly compares or rationalises surds.,Look for an observable step that directly demonstrates incorrectly compares or rationalises surds rather than relying only on the final answer.,An incorrect intermediate step or explanation matching the named pattern.,"Apply the textbook definition/property of rational numbers, irrational numbers, surds, exponents, or Euclid/prime-factor methods.",High
