question_id,standard,board,subject,chapter,topic,subtopic,difficulty,question_type,question,expected_answer,correct_solution,candidate_misconception_ids
Q10-QE-001,10,Maharashtra State Board (SSC),Mathematics,Quadratic Equations,Introduction,Identify a quadratic equation,Easy,MCQ,Which of the following is a quadratic equation?,x² - 5x + 6 = 0,A quadratic equation has degree 2; x² - 5x + 6 = 0 has degree 2.,QE-CON-01
Q10-QE-002,10,Maharashtra State Board (SSC),Mathematics,Quadratic Equations,Standard form,Identify coefficients,Easy,Short Answer,"For 3x² - 7x + 2 = 0, find a, b and c.","a=3, b=-7, c=2",Compare with ax² + bx + c = 0.,QE-CON-02
Q10-QE-003,10,Maharashtra State Board (SSC),Mathematics,Quadratic Equations,Factorisation method,Solve by factorisation,Easy,Solve,Solve x² - 5x + 6 = 0.,"x=2, 3","x² - 5x + 6 = (x-2)(x-3)=0, so x=2 or 3.",QE-FAC-01;QE-SIGN-01
Q10-QE-004,10,Maharashtra State Board (SSC),Mathematics,Quadratic Equations,Factorisation method,Solve with negative roots,Medium,Solve,Solve x² + 7x + 12 = 0.,"x=-3, -4","x²+7x+12=(x+3)(x+4)=0, so x=-3 or -4.",QE-SIGN-01;QE-FAC-01
Q10-QE-005,10,Maharashtra State Board (SSC),Mathematics,Quadratic Equations,Quadratic formula,Apply formula,Medium,Solve,Solve 2x² - 7x + 3 = 0 using the quadratic formula.,"x=3, 1/2","x=(7±√(49-24))/4=(7±5)/4, giving x=3 and 1/2.",QE-FORM-01;QE-SUB-01
Q10-QE-006,10,Maharashtra State Board (SSC),Mathematics,Quadratic Equations,Discriminant,Calculate discriminant,Easy,Short Answer,Find the discriminant of 2x² + 3x - 2 = 0.,25,D=b²-4ac=9-4(2)(-2)=25.,QE-DISC-01
Q10-QE-007,10,Maharashtra State Board (SSC),Mathematics,Quadratic Equations,Nature of roots,Interpret discriminant,Medium,Short Answer,Determine the nature of roots of 3x² - 4x + 2 = 0.,No real roots,"D=(-4)²-4(3)(2)=16-24=-8<0, so there are no real roots.",QE-DISC-02
Q10-QE-008,10,Maharashtra State Board (SSC),Mathematics,Quadratic Equations,Nature of roots,Equal roots,Medium,Short Answer,Find the value of k if x² + kx + 9 = 0 has equal roots.,k=±6,"Equal roots require D=0: k²-36=0, so k=±6.",QE-DISC-03
Q10-QE-009,10,Maharashtra State Board (SSC),Mathematics,Quadratic Equations,Relation between roots and coefficients,Find sum of roots,Easy,Short Answer,"For 2x² - 9x + 4 = 0, find the sum of the roots without solving the equation.",9/2,Sum of roots = -b/a = -(-9)/2 = 9/2.,QE-VIETA-01
Q10-QE-010,10,Maharashtra State Board (SSC),Mathematics,Quadratic Equations,Relation between roots and coefficients,Find product of roots,Easy,Short Answer,"For 3x² + 5x - 2 = 0, find the product of the roots.",-2/3,Product of roots = c/a = -2/3.,QE-VIETA-02
Q10-QE-011,10,Maharashtra State Board (SSC),Mathematics,Quadratic Equations,Forming quadratic equation,Form equation from roots,Medium,Problem,Form the quadratic equation whose roots are 2 and -5.,x²+3x-10=0,Equation is x²-(sum)x+(product)=0 = x²-(-3)x-10=0.,QE-FORM-02;QE-SIGN-02
Q10-QE-012,10,Maharashtra State Board (SSC),Mathematics,Quadratic Equations,Equations reducible to quadratic form,Substitute variable expression,Medium,Solve,Solve x⁴ - 5x² + 4 = 0.,"x=±1, ±2","Let y=x². Then y²-5y+4=0, so y=1 or 4; hence x=±1, ±2.",QE-RED-01
Q10-QE-013,10,Maharashtra State Board (SSC),Mathematics,Quadratic Equations,Word problems,Translate to quadratic equation,Hard,Word Problem,The product of two consecutive positive integers is 56. Find the integers.,7 and 8,"Let the integers be x and x+1. x(x+1)=56 gives x²+x-56=0=(x-7)(x+8), so x=7.",QE-WORD-01;QE-TRANS-01
Q10-QE-014,10,Maharashtra State Board (SSC),Mathematics,Quadratic Equations,Verification,Verify roots,Easy,Short Answer,Verify that 2 and 3 are roots of x² - 5x + 6 = 0.,Both satisfy the equation,Substitution gives 4-10+6=0 and 9-15+6=0.,QE-VERIFY-01
Q10-QE-015,10,Maharashtra State Board (SSC),Mathematics,Quadratic Equations,Mixed reasoning,Choose method,Medium,Reasoning,"For x² - 16 = 0, which method gives the simplest solution and why?",Factorisation,"x²-16=(x-4)(x+4), so factorisation directly gives x=±4.",QE-METHOD-01
Q9-FAC-001,9,Maharashtra State Board (SSC),Mathematics,Algebraic Expressions,Factorisation,Common factor,Easy,Factorise,Factorise 6x + 12.,6(x+2),The greatest common factor is 6: 6x+12=6(x+2).,FAC-CF-01
Q9-FAC-002,9,Maharashtra State Board (SSC),Mathematics,Algebraic Expressions,Factorisation,Common factor with variables,Easy,Factorise,Factorise 8x² + 12x.,4x(2x+3),The common factor is 4x.,FAC-CF-02
Q9-FAC-003,9,Maharashtra State Board (SSC),Mathematics,Algebraic Expressions,Factorisation,Difference of squares,Easy,Factorise,Factorise x² - 25.,(x-5)(x+5),Use a²-b²=(a-b)(a+b).,FAC-ID-01
Q9-FAC-004,9,Maharashtra State Board (SSC),Mathematics,Algebraic Expressions,Factorisation,Difference of squares,Medium,Factorise,Factorise 9x² - 16.,(3x-4)(3x+4),9x²-16=(3x)²-4².,FAC-ID-01
Q9-FAC-005,9,Maharashtra State Board (SSC),Mathematics,Algebraic Expressions,Factorisation,Perfect square identity,Medium,Factorise,Factorise x² + 6x + 9.,(x+3)²,Use a²+2ab+b²=(a+b)².,FAC-ID-02
Q9-FAC-006,9,Maharashtra State Board (SSC),Mathematics,Algebraic Expressions,Factorisation,Perfect square identity,Medium,Factorise,Factorise 4x² - 12x + 9.,(2x-3)²,Use a²-2ab+b²=(a-b)².,FAC-ID-03;FAC-SIGN-01
Q9-FAC-007,9,Maharashtra State Board (SSC),Mathematics,Algebraic Expressions,Factorisation,Splitting middle term,Medium,Factorise,Factorise x² + 7x + 12.,(x+3)(x+4),Find two numbers with product 12 and sum 7.,FAC-MT-01
Q9-FAC-008,9,Maharashtra State Board (SSC),Mathematics,Algebraic Expressions,Factorisation,Splitting middle term,Medium,Factorise,Factorise x² - x - 12.,(x-4)(x+3),Find two numbers with product -12 and sum -1.,FAC-MT-02;FAC-SIGN-02
Q9-FAC-009,9,Maharashtra State Board (SSC),Mathematics,Algebraic Expressions,Factorisation,Grouping,Medium,Factorise,Factorise ax + ay + bx + by.,(a+b)(x+y),Group a(x+y)+b(x+y).,FAC-GRP-01
Q9-FAC-010,9,Maharashtra State Board (SSC),Mathematics,Algebraic Expressions,Factorisation,Factor theorem connection,Medium,Short Answer,"If p(x)=x²-5x+6, check whether x-2 is a factor.",Yes,"p(2)=4-10+6=0, so x-2 is a factor.",FAC-FT-01
Q9-FAC-011,9,Maharashtra State Board (SSC),Mathematics,Algebraic Expressions,Factorisation,Factor theorem connection,Medium,Short Answer,"If p(x)=2x²+3x-2, check whether x+2 is a factor.",Yes,"p(-2)=8-6-2=0, so x+2 is a factor.",FAC-FT-02
Q9-FAC-012,9,Maharashtra State Board (SSC),Mathematics,Algebraic Expressions,Factorisation,Mixed factorisation,Hard,Factorise,Factorise 2x² + 7x + 3.,(2x+1)(x+3),Split 7x as 6x+x: 2x²+6x+x+3=(2x+1)(x+3).,FAC-MT-03
Q9-FAC-013,9,Maharashtra State Board (SSC),Mathematics,Algebraic Expressions,Factorisation,Mixed factorisation,Hard,Factorise,Factorise 3x² - 11x - 4.,(3x+1)(x-4),Split -11x as -12x+x: 3x²-12x+x-4=(3x+1)(x-4).,FAC-MT-04;FAC-SIGN-03
Q9-FAC-014,9,Maharashtra State Board (SSC),Mathematics,Algebraic Expressions,Factorisation,Verification,Easy,Verification,Verify that (x+2)(x+3)=x²+5x+6.,Expansion gives x²+5x+6,Multiply: x²+3x+2x+6=x²+5x+6.,FAC-VERIFY-01
Q9-FAC-015,9,Maharashtra State Board (SSC),Mathematics,Algebraic Expressions,Factorisation,Reasoning,Medium,MCQ,Which identity is most directly useful for factorising x²-10x+25?,(a-b)²=a²-2ab+b²,x²-10x+25=x²-2(x)(5)+5²=(x-5)².,FAC-ID-03
Q10-AP-001,10,Maharashtra State Board (SSC),Mathematics,Arithmetic Progression,Introduction,Identify an AP,Easy,MCQ,Which sequence is an arithmetic progression?,"3, 7, 11, 15, ...",The common difference is 4.,AP-CON-01
Q10-AP-002,10,Maharashtra State Board (SSC),Mathematics,Arithmetic Progression,Common difference,Find common difference,Easy,Short Answer,"Find the common difference of 5, 9, 13, 17, ...",4,d=9-5=4.,AP-D-01
Q10-AP-003,10,Maharashtra State Board (SSC),Mathematics,Arithmetic Progression,nth term,Find nth term,Easy,Short Answer,"Find the 10th term of the AP 3, 7, 11, ...",39,"a=3,d=4; a₁₀=3+9(4)=39.",AP-NT-01
Q10-AP-004,10,Maharashtra State Board (SSC),Mathematics,Arithmetic Progression,nth term,Find a specific term,Medium,Short Answer,"Find the 20th term of the AP 7, 12, 17, ...",102,"a=7,d=5; a₂₀=7+19(5)=102.",AP-NT-02
Q10-AP-005,10,Maharashtra State Board (SSC),Mathematics,Arithmetic Progression,nth term,Find first term,Medium,Short Answer,The 8th term of an AP is 29 and d=3. Find the first term.,8,"29=a+7(3), so a=8.",AP-NT-03
Q10-AP-006,10,Maharashtra State Board (SSC),Mathematics,Arithmetic Progression,nth term,Find number of terms,Medium,Short Answer,"How many terms are there in the AP 4, 7, 10, ..., 40?",13,"40=4+(n-1)3, so n=13.",AP-NT-04
Q10-AP-007,10,Maharashtra State Board (SSC),Mathematics,Arithmetic Progression,Sum of n terms,Find sum,Medium,Short Answer,"Find the sum of the first 10 terms of 2, 5, 8, ...",155,S₁₀=10/2[2(2)+9(3)]=5(31)=155.,AP-SUM-01
Q10-AP-008,10,Maharashtra State Board (SSC),Mathematics,Arithmetic Progression,Sum of n terms,Find sum from first and last term,Easy,Short Answer,Find the sum of 20 terms of an AP whose first term is 5 and 20th term is 62.,670,Sₙ=n/2(a+l)=20/2(5+62)=670.,AP-SUM-02
Q10-AP-009,10,Maharashtra State Board (SSC),Mathematics,Arithmetic Progression,Arithmetic mean,Find arithmetic mean,Easy,Short Answer,Find the arithmetic mean between 8 and 20.,14,AM=(8+20)/2=14.,AP-AM-01
Q10-AP-010,10,Maharashtra State Board (SSC),Mathematics,Arithmetic Progression,Arithmetic mean,Insert arithmetic means,Medium,Problem,Insert three arithmetic means between 2 and 18.,"6, 10, 14","The sequence is 2,6,10,14,18 with d=4.",AP-AM-02
Q10-AP-011,10,Maharashtra State Board (SSC),Mathematics,Arithmetic Progression,Word problems,Apply AP,Medium,Word Problem,A person saves ₹500 in the first month and increases the saving by ₹100 each month. How much is saved in the 6th month?,₹1000,"a=500,d=100; a₆=500+5(100)=1000.",AP-WORD-01
Q10-AP-012,10,Maharashtra State Board (SSC),Mathematics,Arithmetic Progression,Word problems,Apply sum formula,Hard,Word Problem,"Using the saving pattern ₹500, ₹600, ₹700, ... find the total saving in the first 6 months.",₹4500,S₆=6/2[2(500)+5(100)]=3(1500)=4500.,AP-WORD-02
Q10-AP-013,10,Maharashtra State Board (SSC),Mathematics,Arithmetic Progression,General term,Find term from formula,Medium,Short Answer,"For the AP with nth term aₙ=5n-2, find the first three terms and common difference.","3, 8, 13; d=5","a₁=3,a₂=8,a₃=13, so d=5.",AP-FORM-01
Q10-AP-014,10,Maharashtra State Board (SSC),Mathematics,Arithmetic Progression,Reasoning,Check whether term belongs,Medium,Reasoning,"Is 50 a term of the AP 2, 6, 10, 14, ...?","Yes, 50 is the 13th term",50=2+(n-1)4 gives n=13.,AP-NT-05
Q10-AP-015,10,Maharashtra State Board (SSC),Mathematics,Arithmetic Progression,Mixed reasoning,Distinguish nth term and sum,Medium,Reasoning,Which formula should be used to find the total of the first n terms of an AP?,Sₙ=n/2[2a+(n-1)d],The nth-term formula gives one term; the Sₙ formula gives the total of n terms.,AP-CON-02
Q9-RN-001,9,Maharashtra State Board (SSC),Mathematics,Real Numbers,Number classification,Classify numbers,Easy,MCQ,Which of the following is irrational?,√2,"√2 cannot be expressed as p/q where p,q are integers and q≠0.",RN-CLASS-01
Q9-RN-002,9,Maharashtra State Board (SSC),Mathematics,Real Numbers,Number classification,Classify numbers,Easy,Short Answer,Classify 7/8 as rational or irrational.,Rational,7/8 is the ratio of two integers with non-zero denominator.,RN-CLASS-02
Q9-RN-003,9,Maharashtra State Board (SSC),Mathematics,Real Numbers,Number line,Represent irrational numbers,Medium,Reasoning,Between which two consecutive integers does √20 lie?,4 and 5,"Since 16<20<25, 4<√20<5.",RN-NL-01
Q9-RN-004,9,Maharashtra State Board (SSC),Mathematics,Real Numbers,Surds,Simplify surds,Easy,Simplify,Simplify √72.,6√2,√72=√(36×2)=6√2.,RN-SURD-01
Q9-RN-005,9,Maharashtra State Board (SSC),Mathematics,Real Numbers,Surds,Simplify surds,Medium,Simplify,Simplify √50 + √8.,7√2,"√50=5√2 and √8=2√2, so total 7√2.",RN-SURD-02
Q9-RN-006,9,Maharashtra State Board (SSC),Mathematics,Real Numbers,Surds,Multiply surds,Easy,Simplify,Simplify √3 × √12.,6,√36=6.,RN-SURD-03
Q9-RN-007,9,Maharashtra State Board (SSC),Mathematics,Real Numbers,Surds,Rationalisation,Medium,Rationalise,Rationalise 1/√5.,√5/5,Multiply numerator and denominator by √5.,RN-RAT-01
Q9-RN-008,9,Maharashtra State Board (SSC),Mathematics,Real Numbers,Surds,Rationalisation,Medium,Rationalise,Rationalise 1/(2+√3).,2-√3,Multiply numerator and denominator by the conjugate 2-√3; denominator becomes 1.,RN-RAT-02
Q9-RN-009,9,Maharashtra State Board (SSC),Mathematics,Real Numbers,Absolute value,Evaluate absolute value,Easy,Short Answer,Find |−7|.,7,Absolute value gives the distance from zero.,RN-ABS-01
Q9-RN-010,9,Maharashtra State Board (SSC),Mathematics,Real Numbers,Laws of exponents,Apply exponent laws,Easy,Simplify,Simplify 2³ × 2⁴.,2⁷ = 128,"For same base, add exponents: 2³×2⁴=2⁷.",RN-EXP-01
Q9-RN-011,9,Maharashtra State Board (SSC),Mathematics,Real Numbers,Laws of exponents,Apply zero exponent,Easy,Evaluate,Evaluate 5⁰.,1,Any non-zero number raised to zero power equals 1.,RN-EXP-02
Q9-RN-012,9,Maharashtra State Board (SSC),Mathematics,Real Numbers,Euclid division lemma,Apply division lemma,Medium,Short Answer,"Using Euclid's division algorithm, write 37 in the form 5q+r.",37=5(7)+2,"q=7 and r=2, with 0≤r<5.",RN-EUCLID-01
Q9-RN-013,9,Maharashtra State Board (SSC),Mathematics,Real Numbers,Fundamental theorem of arithmetic,Prime factorisation,Medium,Short Answer,Find the prime factorisation of 180.,2²×3²×5,180=2×2×3×3×5.,RN-FTA-01
Q9-RN-014,9,Maharashtra State Board (SSC),Mathematics,Real Numbers,HCF and LCM,Find HCF,Medium,Short Answer,Find the HCF of 84 and 126 using prime factorisation.,42,84=2²×3×7; 126=2×3²×7; common factors give 2×3×7=42.,RN-HCF-01
Q9-RN-015,9,Maharashtra State Board (SSC),Mathematics,Real Numbers,Reasoning,Rational/irrational reasoning,Medium,Reasoning,Is the sum of two irrational numbers always irrational? Give a counterexample.,"No; √2 + (−√2)=0, which is rational.",The sum of two irrational numbers can be rational.,RN-REASON-01
Q10-QE-016,10,Maharashtra State Board (SSC),Mathematics,Quadratic Equations,Introduction,Introduction,Easy,Conceptual,Identify whether 3x^2+2x^3-1=0 is quadratic and explain.,Not quadratic,"The highest power of x is 3, so the equation is cubic, not quadratic.",QE-CON-01
Q10-QE-017,10,Maharashtra State Board (SSC),Mathematics,Quadratic Equations,Factorisation method,Factorisation method,Easy,Solve,Solve x^2-9x+20=0 by factorisation.,"x=4,5","x^2-9x+20=(x-4)(x-5)=0, so x=4 or 5.",QE-FAC-01
Q10-QE-018,10,Maharashtra State Board (SSC),Mathematics,Quadratic Equations,Factorisation method,Factorisation method,Easy,Solve,Solve 2x^2+5x-3=0 by factorisation.,"x=1/2,-3","2x^2+5x-3=(2x-1)(x+3)=0, so x=1/2 or -3.",QE-FAC-01
Q10-QE-019,10,Maharashtra State Board (SSC),Mathematics,Quadratic Equations,Quadratic formula,Quadratic formula,Medium,Solve,Solve x^2+4x-1=0 using the quadratic formula.,x=-2±√5,x=(-4±√(16+4))/2=(-4±√20)/2=-2±√5.,QE-FORM-01
Q10-QE-020,10,Maharashtra State Board (SSC),Mathematics,Quadratic Equations,Discriminant,Discriminant,Easy,Short Answer,Find the discriminant of 4x^2+4x+1=0.,0,D=4^2-4(4)(1)=16-16=0.,QE-DISC-01
Q10-QE-021,10,Maharashtra State Board (SSC),Mathematics,Quadratic Equations,Nature of roots,Nature of roots,Medium,Reasoning,State the nature of roots of 2x^2+2x+5=0.,No real roots,"D=2^2-4(2)(5)=4-40=-36<0, so the roots are not real.",QE-DISC-02
Q10-QE-022,10,Maharashtra State Board (SSC),Mathematics,Quadratic Equations,Relation between roots and coefficients,Relation between roots and coefficients,Medium,Short Answer,"If α and β are roots of 2x^2-6x+5=0, find α+β and αβ.","α+β=3, αβ=5/2",Using α+β=-b/a=6/2=3 and αβ=c/a=5/2.,QE-VIETA-01;QE-VIETA-02
Q10-QE-023,10,Maharashtra State Board (SSC),Mathematics,Quadratic Equations,Forming quadratic equation,Forming quadratic equation,Easy,Short Answer,Form the quadratic equation whose roots are 4 and -2.,x^2-2x-8=0,Equation is x^2-(sum of roots)x+(product)=0 = x^2-2x-8=0.,QE-TRANS-01
Q10-QE-024,10,Maharashtra State Board (SSC),Mathematics,Quadratic Equations,Equations reducible to quadratic form,Equations reducible to quadratic form,Easy,Complete-working,Solve x^4-5x^2+4=0 by putting y=x^2.,"x=±1,±2","Let y=x^2. Then y^2-5y+4=(y-1)(y-4)=0, so y=1 or 4; hence x=±1,±2.",QE-RED-01
Q10-QE-025,10,Maharashtra State Board (SSC),Mathematics,Quadratic Equations,Word problems,Word problems,Easy,Application/word problem,The product of two consecutive positive integers is 72. Find the integers.,8 and 9,"Let the integers be x and x+1. x(x+1)=72 gives x^2+x-72=0=(x-8)(x+9), so x=8.",QE-WORD-01
Q10-QE-026,10,Maharashtra State Board (SSC),Mathematics,Quadratic Equations,Verification,Verification,Easy,Verification,Verify whether x=3 is a root of x^2-7x+12=0.,Yes,"Substituting x=3 gives 9-21+12=0, so 3 is a root.",QE-VERIFY-01
Q10-QE-027,10,Maharashtra State Board (SSC),Mathematics,Quadratic Equations,Choose method,Choose method,Easy,Method-selection,"For x^2+10x+2=0, which method is suitable when integer factorisation is not convenient?",Completing the square or quadratic formula,Completing the square is introduced in the supplied textbook for this type of equation; the quadratic formula is also a general method.,QE-METHOD-01
Q10-QE-028,10,Maharashtra State Board (SSC),Mathematics,Quadratic Equations,Discriminant,Discriminant,Medium,Reasoning,Find k if x^2+kx+16=0 has equal roots.,k=±8,"Equal roots require k^2-64=0, hence k=±8.",QE-DISC-03
Q10-QE-029,10,Maharashtra State Board (SSC),Mathematics,Quadratic Equations,Applications,Applications,Medium,Application/word problem,A rectangle has area 48 m² and its length is 2 m more than its breadth. Find its dimensions.,6 m by 8 m,"Let breadth=x, length=x+2. x(x+2)=48 gives x^2+2x-48=0=(x-6)(x+8), so x=6.",QE-WORD-01
Q10-QE-030,10,Maharashtra State Board (SSC),Mathematics,Quadratic Equations,Mixed reasoning,Mixed reasoning,Medium,Find the mistake,A student factors x^2-6x+8 as (x-2)(x-4)=0 but reports roots 2 and -4. Identify the error.,"The second root should be 4, not -4",x-2=0 gives x=2 and x-4=0 gives x=4.,QE-SIGN-01
Q9-FAC-016,9,Maharashtra State Board (SSC),Mathematics,Algebraic Expressions,Factorisation,Factorisation,Easy,Common factor,Factorise 6x^2+9x.,3x(2x+3),Take 3x common: 6x^2+9x=3x(2x+3).,FAC-CF-01
Q9-FAC-017,9,Maharashtra State Board (SSC),Mathematics,Algebraic Expressions,Factorisation,Factorisation,Easy,Difference of squares,Factorise x^2-25.,(x-5)(x+5),Use a^2-b^2=(a-b)(a+b).,FAC-ID-01
Q9-FAC-018,9,Maharashtra State Board (SSC),Mathematics,Algebraic Expressions,Factorisation,Factorisation,Easy,Perfect square identity,Factorise 4a^2+12a+9.,(2a+3)^2,Use a^2+2ab+b^2=(a+b)^2.,FAC-ID-02
Q9-FAC-019,9,Maharashtra State Board (SSC),Mathematics,Algebraic Expressions,Factorisation,Factorisation,Medium,Splitting middle term,Factorise x^2+7x+12 by splitting the middle term.,(x+3)(x+4),Split 7x as 3x+4x: x^2+3x+4x+12=x(x+3)+4(x+3).,FAC-MT-01
Q9-FAC-020,9,Maharashtra State Board (SSC),Mathematics,Algebraic Expressions,Factorisation,Factorisation,Easy,Splitting middle term,Factorise 6x^2-x-2.,(3x-2)(2x+1),Split -x as 3x-4x: 6x^2+3x-4x-2=3x(2x+1)-2(2x+1).,FAC-MT-02
Q9-FAC-021,9,Maharashtra State Board (SSC),Mathematics,Algebraic Expressions,Factorisation,Factorisation,Medium,Perfect square identity,Factorise 9p^2-24p+16.,(3p-4)^2,Use a^2-2ab+b^2=(a-b)^2.,FAC-ID-02
Q9-FAC-022,9,Maharashtra State Board (SSC),Mathematics,Algebraic Expressions,Factorisation,Factorisation,Medium,Common factor,Factorise 2x(x-3)+5(x-3).,(x-3)(2x+5),Take (x-3) common from both terms.,FAC-CF-02
Q9-FAC-023,9,Maharashtra State Board (SSC),Mathematics,Algebraic Expressions,Factorisation,Factorisation,Easy,Difference of squares,Factorise (x+2)^2-9.,(x-1)(x+5),Difference of squares: (x+2-3)(x+2+3).,FAC-ID-01
Q9-FAC-024,9,Maharashtra State Board (SSC),Mathematics,Algebraic Expressions,Factorisation,Factorisation,Easy,Factor theorem connection,"If x-2 is a factor of x^2+mx-6, find m.",m=1,"By factor theorem, p(2)=4+2m-6=0, so m=1.",FAC-FT-01
Q9-FAC-025,9,Maharashtra State Board (SSC),Mathematics,Algebraic Expressions,Factorisation,Factorisation,Easy,Verification,Check whether x+1 is a factor of x^3-2x^2-x+2.,Yes,"p(-1)=-1-2+1+2=0, so x+1 is a factor.",FAC-VERIFY-01
Q9-FAC-026,9,Maharashtra State Board (SSC),Mathematics,Algebraic Expressions,Factorisation,Factorisation,Easy,Mixed factorisation,Factorise x^3-4x.,x(x-2)(x+2),"Take x common, then factorise x^2-4=(x-2)(x+2).",FAC-MT-03
Q9-FAC-027,9,Maharashtra State Board (SSC),Mathematics,Algebraic Expressions,Factorisation,Factorisation,Easy,Common factor,Factorise 3a^2-12.,3(a-2)(a+2),"Take 3 common, then factorise a^2-4.",FAC-CF-01
Q9-FAC-028,9,Maharashtra State Board (SSC),Mathematics,Algebraic Expressions,Factorisation,Factorisation,Medium,Find the mistake,A student writes x^2-16=(x-16)(x+16). Find the mistake.,The constant must be 4 because 16=4^2,x^2-16=x^2-4^2=(x-4)(x+4).,FAC-SIGN-01
Q9-FAC-029,9,Maharashtra State Board (SSC),Mathematics,Algebraic Expressions,Factorisation,Factorisation,Medium,Perfect square identity,Factorise y^2-10y+25 and state the identity used.,(y-5)^2; perfect-square identity,y^2-10y+25=y^2-2(5)y+25=(y-5)^2.,FAC-ID-02
Q9-FAC-030,9,Maharashtra State Board (SSC),Mathematics,Algebraic Expressions,Factorisation,Factorisation,Medium,Perfect square identity,Factorise 4m^2-12mn+9n^2.,(2m-3n)^2,Use a^2-2ab+b^2 with a=2m and b=3n.,FAC-ID-03
Q10-AP-016,10,Maharashtra State Board (SSC),Mathematics,Arithmetic Progression,Identify an AP,Identify an AP,Easy,Conceptual,"Which sequence is an A.P.: 4, 7, 10, 13, ... or 2, 4, 8, 16, ...? Give reason.","4,7,10,13,...",The first sequence has constant difference 3; the second does not have a constant difference.,AP-CON-01
Q10-AP-017,10,Maharashtra State Board (SSC),Mathematics,Arithmetic Progression,Find common difference,Find common difference,Easy,Short Answer,"Find the common difference of 18, 13, 8, 3, ... .",-5,"d=13-18=-5, and subsequent differences are also -5.",AP-D-01
Q10-AP-018,10,Maharashtra State Board (SSC),Mathematics,Arithmetic Progression,Find nth term,Find nth term,Easy,Numerical problem,"Find the 15th term of 3, 7, 11, 15, ... .",59,"a=3,d=4; t15=a+14d=59.",AP-NT-01
Q10-AP-019,10,Maharashtra State Board (SSC),Mathematics,Arithmetic Progression,Find first term,Find first term,Medium,Short Answer,The 8th term of an A.P. is 29 and d=3. Find the first term.,8,"29=a+7(3), so a=8.",AP-NT-02
Q10-AP-020,10,Maharashtra State Board (SSC),Mathematics,Arithmetic Progression,Check term belongs,Check term belongs,Easy,Reasoning,"Is 74 a term of the A.P. 5, 8, 11, 14, ...?","Yes, it is the 24th term","74=5+(n-1)3 gives n=24, a positive integer.",AP-NT-03
Q10-AP-021,10,Maharashtra State Board (SSC),Mathematics,Arithmetic Progression,Find number of terms,Find number of terms,Medium,Numerical problem,"How many terms of 7, 12, 17, ... are needed to reach 102?",20,102=7+(n-1)5 gives n=20.,AP-NT-04
Q10-AP-022,10,Maharashtra State Board (SSC),Mathematics,Arithmetic Progression,Insert arithmetic means,Insert arithmetic means,Medium,Complete-working,Insert three arithmetic means between 5 and 21.,"9, 13, 17","Five terms have d=(21-5)/4=4, giving 5,9,13,17,21.",AP-AM-01
Q10-AP-023,10,Maharashtra State Board (SSC),Mathematics,Arithmetic Progression,Arithmetic mean,Arithmetic mean,Easy,Short Answer,Find the arithmetic mean between 14 and 30.,22,Arithmetic mean=(14+30)/2=22.,AP-AM-02
Q10-AP-024,10,Maharashtra State Board (SSC),Mathematics,Arithmetic Progression,Sum of n terms,Sum of n terms,Easy,Numerical problem,"Find the sum of the first 20 terms of 2, 5, 8, ... .",610,"a=2,d=3; S20=20/2[2(2)+19(3)]=610.",AP-SUM-01
Q10-AP-025,10,Maharashtra State Board (SSC),Mathematics,Arithmetic Progression,Sum from first and last term,Sum from first and last term,Easy,Complete-working,Find the sum of the first 15 terms of an A.P. whose first term is 6 and last term is 48.,405,S15=15/2(6+48)=405.,AP-SUM-02
Q10-AP-026,10,Maharashtra State Board (SSC),Mathematics,Arithmetic Progression,Word problem,Word problem,Easy,Application/word problem,A student saves ₹50 in the first week and increases the saving by ₹10 each week. How much is saved in 12 weeks?,₹1260,"a=50,d=10,n=12; S12=6[100+110]=1260.",AP-WORD-01
Q10-AP-027,10,Maharashtra State Board (SSC),Mathematics,Arithmetic Progression,Distinguish nth term and sum,Distinguish nth term and sum,Easy,Conceptual,"For the A.P. 4, 7, 10, ... what does t10 represent and what does S10 represent?",t10 is the 10th term; S10 is the sum of first 10 terms,"t_n denotes a single term at position n, while S_n denotes the sum of the first n terms.",AP-SUM-01;AP-NT-01
Q10-AP-028,10,Maharashtra State Board (SSC),Mathematics,Arithmetic Progression,Find common difference,Find common difference,Medium,Reasoning,The 5th term of an A.P. is 17 and the 11th term is 35. Find d.,3,"t11-t5=6d=18, so d=3.",AP-D-01
Q10-AP-029,10,Maharashtra State Board (SSC),Mathematics,Arithmetic Progression,Word problem,Word problem,Medium,Application/word problem,"The seats in successive rows of an auditorium are 18, 22, 26, ... . How many seats are in the 20th row?",94,"a=18,d=4; t20=18+19(4)=94.",AP-WORD-02
Q10-AP-030,10,Maharashtra State Board (SSC),Mathematics,Arithmetic Progression,Find mistake,Find mistake,Medium,Find the mistake,"A student says the sum of the first 10 terms of 3,6,9,... is t10=30. What is wrong?","30 is the 10th term, not the sum; S10=165",t10=30. S10=10/2[2(3)+9(3)]=165.,AP-SUM-02;AP-NT-05
Q9-RN-016,9,Maharashtra State Board (SSC),Mathematics,Real Numbers,Number classification,Number classification,Easy,Conceptual,Classify 0.125 and √7 as rational or irrational.,0.125 is rational; √7 is irrational,"0.125=1/8, while √7 is irrational because 7 is not a perfect square.",RN-RAT-01
Q9-RN-017,9,Maharashtra State Board (SSC),Mathematics,Real Numbers,Reasoning,Reasoning,Easy,Reasoning,Is 3+√5 rational or irrational? Explain.,Irrational,"If 3+√5 were rational, subtracting rational 3 would make √5 rational, a contradiction.",RN-RAT-02
Q9-RN-018,9,Maharashtra State Board (SSC),Mathematics,Real Numbers,Surds,Surds,Easy,Short Answer,Simplify √72.,6√2,√72=√(36×2)=6√2.,RN-SURD-01
Q9-RN-019,9,Maharashtra State Board (SSC),Mathematics,Real Numbers,Surds,Surds,Medium,Short Answer,Simplify 3√8-√18.,3√2,"3√8=6√2 and √18=3√2, so the result is 3√2.",RN-SURD-02
Q9-RN-020,9,Maharashtra State Board (SSC),Mathematics,Real Numbers,Comparison of quadratic surds,Comparison of quadratic surds,Easy,Reasoning,Which is greater: 3√2 or 2√5?,2√5,"Both are positive; compare squares: 18 and 20, so 2√5 is greater.",RN-SURD-03
Q9-RN-021,9,Maharashtra State Board (SSC),Mathematics,Real Numbers,Operations on surds,Operations on surds,Medium,Numerical problem,Find √6 × √24.,12,√6×√24=√144=12.,RN-SURD-01
Q9-RN-022,9,Maharashtra State Board (SSC),Mathematics,Real Numbers,Rationalization,Rationalization,Medium,Short Answer,Rationalise the denominator of 3/√5.,3√5/5,Multiply numerator and denominator by √5.,RN-SURD-03
Q9-RN-023,9,Maharashtra State Board (SSC),Mathematics,Real Numbers,Rationalization,Rationalization,Easy,Short Answer,Rationalise 1/(2√3).,√3/6,Multiply by √3/√3: 1/(2√3)=√3/6.,RN-SURD-03
Q9-RN-024,9,Maharashtra State Board (SSC),Mathematics,Real Numbers,Laws of exponents,Laws of exponents,Easy,Short Answer,Simplify 2^3×2^4.,128,"For the same base, add exponents: 2^7=128.",RN-EXP-01
Q9-RN-025,9,Maharashtra State Board (SSC),Mathematics,Real Numbers,Laws of exponents,Laws of exponents,Easy,Short Answer,Simplify 5^3/5^2.,5,"For the same non-zero base, subtract exponents: 5^(3-2)=5.",RN-EXP-02
Q9-RN-026,9,Maharashtra State Board (SSC),Mathematics,Real Numbers,Euclid division lemma,Euclid division lemma,Easy,Short Answer,"For a=37 and b=5, write Euclid's division lemma form and identify q and r.","37=5×7+2; q=7,r=2",Using a=bq+r with 0≤r<b.,RN-EUCLID-01
Q9-RN-027,9,Maharashtra State Board (SSC),Mathematics,Real Numbers,Fundamental theorem of arithmetic,Fundamental theorem of arithmetic,Easy,Short Answer,Express 180 as a product of primes.,2^2×3^2×5,180=18×10=(2×3^2)(2×5)=2^2×3^2×5.,RN-FTA-01
Q9-RN-028,9,Maharashtra State Board (SSC),Mathematics,Real Numbers,HCF and LCM,HCF and LCM,Medium,Complete-working,Find the HCF of 84 and 126 using prime factorisation.,42,84=2^2×3×7 and 126=2×3^2×7; common minimum powers give 42.,RN-HCF-01
Q9-RN-029,9,Maharashtra State Board (SSC),Mathematics,Real Numbers,Absolute value,Absolute value,Medium,Short Answer,Solve |x|=7.,x=7 or x=-7,A number has absolute value 7 when it is 7 units from zero: x=±7.,RN-ABS-01
Q9-RN-030,9,Maharashtra State Board (SSC),Mathematics,Real Numbers,Mixed reasoning,Mixed reasoning,Medium,Find the mistake,A student claims √12=2√3 and then says √12+√3=√15. Identify the misconception.,Square roots cannot be added by adding radicands; √12+√3=3√3,"After simplifying √12=2√3, combine like surds: 2√3+√3=3√3.",RN-SURD-02
